I, II, III, aVR, aVL, aVF, V1, V2, V3, V4, V5, V6
-39,-9,29,24,-34,9,0,-29,9,-19,-9,-19
-39,-9,29,24,-34,9,0,-29,4,-14,-9,-14
-39,-9,29,24,-34,9,0,-29,0,-9,-9,-9
-39,-9,29,24,-34,9,0,-29,0,-9,-9,-9
-39,-9,29,24,-34,9,0,-29,0,-9,-9,-9
-39,0,39,19,-39,19,0,-24,9,-9,-9,-9
-39,9,48,14,-43,29,0,-19,19,-9,-9,-9
-29,19,48,4,-39,34,9,-14,29,4,4,4
-19,29,48,-4,-34,39,19,-9,39,19,19,19
-19,34,53,-7,-36,43,24,0,48,29,29,24
-19,39,58,-9,-39,48,29,9,58,39,39,29
-19,39,58,-9,-39,48,34,9,58,39,39,29
-14,34,48,-9,-31,41,39,14,58,39,34,29
-9,34,43,-12,-26,39,48,24,63,43,34,29
-4,24,29,-9,-17,26,53,29,63,43,29,29
-4,14,19,-4,-12,17,53,29,63,43,29,24
4,9,4,-7,0,7,43,29,58,43,29,24
19,14,-4,-17,12,4,24,24,48,39,29,24
34,24,-9,-29,21,7,-4,4,39,39,24,24
39,24,-14,-31,26,4,-34,-19,19,24,24,24
39,24,-14,-31,26,4,-39,-34,14,19,19,24
39,19,-19,-29,29,0,-39,-43,4,14,9,19
39,14,-24,-26,31,-4,-39,-43,-4,9,9,19
43,14,-29,-29,36,-7,-39,-43,-4,9,9,19
43,0,-43,-21,43,-21,-34,-34,-9,-4,0,4
48,9,-39,-29,43,-14,-29,-29,-14,-4,0,0
48,19,-29,-34,39,-4,-29,-24,-19,0,0,0
48,9,-39,-29,43,-14,-34,-24,-14,-4,0,4
48,0,-48,-24,48,-24,-39,-29,-14,-9,4,9
43,0,-43,-21,43,-21,-39,-34,-14,-9,4,9
29,0,-29,-14,29,-14,-39,-34,-14,-9,0,4
9,4,-4,-7,7,0,-29,-39,-14,-14,0,9
-19,-4,14,12,-17,4,-19,-39,-14,-14,0,9
-39,-14,24,26,-31,4,-9,-39,-14,-19,-4,-4
-39,-24,14,31,-26,-4,-9,-39,-19,-34,-19,-14
-39,-29,9,34,-24,-9,-9,-39,-19,-34,-29,-24
-34,-29,4,31,-19,-12,-4,-39,-19,-34,-34,-29
-39,-29,9,34,-24,-9,-4,-39,-19,-34,-29,-24
-39,-24,14,31,-26,-4,-4,-39,-19,-34,-29,-24
-39,-24,14,31,-26,-4,-4,-39,-19,-34,-29,-24
-39,-24,14,31,-26,-4,-4,-39,-19,-34,-29,-24
-34,-29,4,31,-19,-12,-4,-39,-19,-29,-29,-24
-34,-34,0,34,-17,-17,-4,-39,-19,-24,-29,-24
-39,-34,4,36,-21,-14,-4,-39,-14,-24,-29,-24
-39,-29,9,34,-24,-9,-4,-39,-14,-24,-29,-24
-39,-24,14,31,-26,-4,-4,-39,-14,-24,-29,-24
-39,-19,19,29,-29,0,-4,-39,-14,-24,-29,-24
-39,-19,19,29,-29,0,-4,-39,-14,-24,-29,-24
-39,-19,19,29,-29,0,0,-39,-9,-19,-24,-24
-43,-9,34,26,-39,12,0,-34,0,-4,-14,-19
-63,14,78,24,-70,46,14,-24,63,34,19,0
-97,53,151,21,-124,102,73,58,180,92,63,39
-117,112,229,2,-173,170,141,165,351,224,156,112
-112,190,302,-39,-207,246,185,229,522,375,283,209
-34,292,326,-129,-180,309,175,244,644,575,468,361
170,492,322,-331,-75,407,48,126,741,858,766,624
409,663,253,-536,78,458,-126,-4,712,1107,1039,868
575,663,87,-619,244,375,-400,-283,458,1127,1093,917
585,331,-253,-458,419,39,-483,-512,-63,536,556,502
473,-78,-551,-197,512,-314,-502,-683,-780,-287,-170,-78
248,-366,-614,58,431,-490,-502,-917,-1288,-936,-683,-478
136,-483,-619,173,378,-551,-546,-966,-1415,-1098,-800,-575
82,-507,-590,212,336,-549,-517,-878,-1322,-1039,-790,-590
48,-483,-531,217,290,-507,-405,-707,-1146,-927,-712,-546
24,-351,-375,163,200,-363,-287,-527,-854,-712,-541,-419
24,-195,-219,85,122,-207,-219,-370,-522,-448,-341,-263
29,-92,-122,31,75,-107,-170,-253,-292,-263,-195,-151
39,-58,-97,9,68,-78,-136,-180,-204,-175,-126,-97
48,-53,-102,2,75,-78,-82,-117,-151,-126,-92,-73
4,-58,-63,26,34,-61,-29,-48,-87,-87,-63,-53
-19,-58,-39,39,9,-48,-9,-14,-53,-58,-43,-39
-19,-48,-29,34,4,-39,-9,-9,-48,-43,-34,-34
-19,-48,-29,34,4,-39,0,-4,-43,-34,-29,-34
-19,-39,-19,29,0,-29,4,4,-29,-24,-34,-24
-19,-19,0,19,-9,-9,0,9,-19,-19,-34,-24
-19,-29,-9,24,-4,-19,0,9,-14,-14,-19,-29
-24,-34,-9,29,-7,-21,4,14,-14,-19,-19,-29
-24,-34,-9,29,-7,-21,9,14,-9,-19,-19,-24
-24,-34,-9,29,-7,-21,14,14,-4,-19,-19,-24
-24,-34,-9,29,-7,-21,14,19,-4,-14,-19,-24
-24,-34,-9,29,-7,-21,14,19,-4,-14,-14,-24
-24,-29,-4,26,-9,-17,9,19,0,-14,-14,-24
-24,-24,0,24,-12,-12,4,19,0,-9,-14,-24
-24,-19,4,21,-14,-7,4,19,-4,-9,-14,-24
-24,-19,4,21,-14,-7,4,19,-14,-9,-14,-24
-24,-19,4,21,-14,-7,14,24,-4,-9,-9,-24
-24,-19,4,21,-14,-7,24,29,4,-9,-9,-19
-24,-29,-4,26,-9,-17,24,29,4,-9,-14,-19
-24,-39,-14,31,-4,-26,24,29,4,-9,-19,-19
-24,-39,-14,31,-4,-26,19,29,4,-4,-19,-19
-24,-39,-14,31,-4,-26,19,34,4,0,-19,-19
-24,-34,-9,29,-7,-21,19,34,4,0,-19,-19
-24,-29,-4,26,-9,-17,19,29,4,0,-19,-19
-24,-24,0,24,-12,-12,19,34,4,-4,-19,-19
-24,-24,0,24,-12,-12,19,39,4,-4,-19,-24
-24,-24,0,24,-12,-12,19,39,4,-4,-19,-24
-19,-24,-4,21,-7,-14,19,39,4,-4,-19,-19
-19,-29,-9,24,-4,-19,19,39,4,-4,-14,-19
-19,-29,-9,24,-4,-19,19,39,4,0,-9,-14
-19,-29,-9,24,-4,-19,19,48,9,4,-4,-9
-19,-29,-9,24,-4,-19,19,58,9,9,4,-4
-19,-34,-14,26,-2,-24,19,63,9,9,4,-4
-14,-34,-19,24,2,-26,24,63,9,9,4,-4
-14,-34,-19,24,2,-26,29,63,9,14,9,-9
-14,-34,-19,24,2,-26,34,63,4,19,9,-9
-14,-34,-19,24,2,-26,34,68,9,19,9,-9
-14,-29,-14,21,0,-21,34,68,14,19,9,-9
-9,-29,-19,19,4,-24,39,73,14,24,9,-9
-4,-29,-24,17,9,-26,39,78,19,24,9,-9
-4,-29,-24,17,9,-26,34,82,24,24,14,-9
-4,-29,-24,17,9,-26,34,87,24,24,14,-4
0,-29,-29,14,14,-29,34,92,24,24,9,-4
0,-24,-24,12,12,-24,34,92,34,24,9,-4
4,-24,-29,9,17,-26,39,102,34,29,14,0
4,-24,-29,9,17,-26,39,112,34,29,14,0
4,-24,-29,9,17,-26,43,117,34,34,19,0
4,-24,-29,9,17,-26,48,126,39,43,29,0
4,-19,-24,7,14,-21,53,131,48,43,29,4
9,-19,-29,4,19,-24,58,136,48,48,29,4
9,-19,-29,4,19,-24,53,146,48,48,29,4
9,-19,-29,4,19,-24,53,156,53,53,24,4
14,-19,-34,2,24,-26,58,156,58,53,24,9
24,-19,-43,-2,34,-31,63,165,63,58,29,9
29,-14,-43,-7,36,-29,63,175,63,53,29,9
29,-14,-43,-7,36,-29,68,185,68,53,29,9
29,-14,-43,-7,36,-29,68,190,63,48,24,9
34,-14,-48,-9,41,-31,78,200,63,43,19,9
34,-14,-48,-9,41,-31,78,209,63,43,19,14
39,-14,-53,-12,46,-34,82,219,73,43,19,14
39,-9,-48,-14,43,-29,78,224,73,43,19,9
39,-9,-48,-14,43,-29,78,234,73,43,19,9
43,-9,-53,-17,48,-31,78,239,73,39,9,4
48,-19,-68,-14,58,-43,82,244,73,39,4,0
48,-24,-73,-12,61,-48,87,239,58,29,4,-4
43,-29,-73,-7,58,-51,92,239,48,19,0,-4
48,-24,-73,-12,61,-48,92,244,48,14,-9,-4
53,-24,-78,-14,65,-51,92,244,48,14,-14,-9
53,-19,-73,-17,63,-46,87,239,48,14,-9,-9
53,-14,-68,-19,61,-41,82,234,48,14,-4,-9
58,-9,-68,-24,63,-39,73,219,53,14,-4,-9
58,-4,-63,-26,61,-34,68,214,53,14,-4,-9
58,-4,-63,-26,61,-34,58,190,48,4,-4,-9
58,-4,-63,-26,61,-34,53,175,48,4,0,-4
53,0,-53,-26,53,-26,43,151,43,9,0,-4
48,0,-48,-24,48,-24,39,131,43,9,4,-4
43,0,-43,-21,43,-21,29,107,43,9,4,-4
34,4,-29,-19,31,-12,19,92,43,19,9,0
34,4,-29,-19,31,-12,19,73,39,19,9,0
29,0,-29,-14,29,-14,14,53,39,14,9,0
29,0,-29,-14,29,-14,9,43,34,14,9,0
19,0,-19,-9,19,-9,9,34,34,19,9,0
4,0,-4,-2,4,-2,4,19,34,14,4,4
-4,-9,-4,7,0,-7,4,9,34,4,4,9
-4,-9,-4,7,0,-7,4,9,29,4,0,-4
-9,-9,0,9,-4,-4,0,0,24,-4,-9,-14
-14,-14,0,14,-7,-7,0,-4,24,-9,-9,-14
-14,-14,0,14,-7,-7,0,-9,24,-19,-9,-19
-14,-14,0,14,-7,-7,4,-9,19,-19,-14,-24
-14,-14,0,14,-7,-7,9,-9,19,-19,-19,-29
-19,-14,4,17,-12,-4,9,-9,14,-19,-19,-29
-19,-14,4,17,-12,-4,9,-9,14,-19,-24,-29
-19,-14,4,17,-12,-4,9,-14,14,-19,-19,-24
-19,-19,0,19,-9,-9,4,-14,14,-19,-14,-24
-24,-19,4,21,-14,-7,4,-14,9,-19,-19,-24
-24,-19,4,21,-14,-7,4,-14,9,-19,-19,-24
-29,-14,14,21,-21,0,4,-14,9,-24,-19,-24
-29,-14,14,21,-21,0,4,-14,9,-24,-19,-29
-29,-14,14,21,-21,0,4,-9,9,-24,-24,-29
-24,-14,9,19,-17,-2,4,-9,9,-24,-24,-29
-24,-14,9,19,-17,-2,4,-9,9,-24,-24,-29
-29,-14,14,21,-21,0,4,-9,9,-24,-24,-29
-29,-14,14,21,-21,0,4,-14,9,-19,-24,-34
-29,-14,14,21,-21,0,4,-19,9,-14,-24,-34
-29,-14,14,21,-21,0,4,-19,4,-14,-24,-24
-29,-14,14,21,-21,0,4,-19,4,-14,-19,-19
-24,-9,14,17,-19,2,4,-19,9,-14,-19,-19
-19,-9,9,14,-14,0,4,-19,9,-14,-19,-19
-24,-9,14,17,-19,2,4,-14,9,-14,-19,-19
-24,-9,14,17,-19,2,4,-9,9,-14,-19,-24
-19,-9,9,14,-14,0,4,-9,9,-14,-19,-24
-19,-9,9,14,-14,0,4,-9,4,-14,-19,-19
-19,-9,9,14,-14,0,0,-9,4,-14,-19,-19
-19,-9,9,14,-14,0,-4,-9,9,-14,-19,-19
-19,-4,14,12,-17,4,-4,-9,9,-9,-19,-19
-19,-4,14,12,-17,4,-4,-9,9,-9,-19,-19
-24,-4,19,14,-21,7,-4,-9,4,-9,-14,-14
-24,-4,19,14,-21,7,-4,-9,4,-9,-14,-14
-24,-4,19,14,-21,7,-9,-14,9,-9,-19,-14
-24,-4,19,14,-21,7,-9,-19,9,-9,-19,-14
-19,-4,14,12,-17,4,-9,-19,9,-4,-14,-14
-14,-4,9,9,-12,2,-9,-19,4,-4,-14,-14
-14,-4,9,9,-12,2,-4,-19,4,-4,-14,-14
-14,-4,9,9,-12,2,0,-19,4,-4,-14,-14
-19,-4,14,12,-17,4,0,-19,4,-9,-14,-14
-19,-4,14,12,-17,4,0,-24,4,-14,-19,-19
-19,0,19,9,-19,9,0,-24,0,-14,-19,-19
-19,4,24,7,-21,14,0,-24,-4,-14,-19,-19
-19,4,24,7,-21,14,-4,-24,-4,-9,-19,-19
-19,4,24,7,-21,14,-4,-29,-4,-9,-19,-19
-14,0,14,7,-14,7,-4,-24,0,-9,-9,-14
-14,-4,9,9,-12,2,-4,-14,4,-9,-4,-9
-14,-4,9,9,-12,2,-4,-14,4,-9,-4,-9
-14,-4,9,9,-12,2,-4,-14,4,-4,0,-9
-19,-4,14,12,-17,4,-4,-19,9,-9,-4,-9
-19,-4,14,12,-17,4,-4,-19,9,-14,-14,-9
-19,-4,14,12,-17,4,-4,-19,9,-14,-14,-9
-19,-4,14,12,-17,4,-4,-19,4,-14,-14,-9
-14,-4,9,9,-12,2,-4,-24,4,-9,-14,-9
-14,-4,9,9,-12,2,-4,-29,4,-4,-14,-14
-14,-4,9,9,-12,2,-4,-29,4,-4,-9,-14
-19,-4,14,12,-17,4,-4,-29,4,-4,-4,-9
-19,-4,14,12,-17,4,-4,-29,4,-4,-4,-9
-19,-9,9,14,-14,0,-4,-29,4,-4,-4,-9
-19,-9,9,14,-14,0,-4,-29,4,-4,-9,-9
-19,-9,9,14,-14,0,-4,-34,0,-9,-14,-9
-19,-14,4,17,-12,-4,-4,-34,0,-9,-14,-9
-19,-19,0,19,-9,-9,-4,-29,0,-4,-14,-9
-19,-14,4,17,-12,-4,-4,-29,4,-4,-9,-9
-19,-14,4,17,-12,-4,-4,-29,4,-4,-4,-9
-19,-4,14,12,-17,4,-4,-29,0,-4,-4,-9
-19,0,19,9,-19,9,-4,-29,0,-4,-4,-9
-19,0,19,9,-19,9,-9,-29,0,-4,-4,-9
-19,0,19,9,-19,9,-14,-34,0,-4,-4,-9
-19,0,19,9,-19,9,-14,-34,0,-4,-4,-9
-19,0,19,9,-19,9,-14,-34,0,-4,-4,-9
-19,4,24,7,-21,14,-14,-34,0,-4,-4,-9
-19,4,24,7,-21,14,-14,-34,0,-4,-4,-9
-19,0,19,9,-19,9,-14,-34,0,-9,-4,-9
-19,0,19,9,-19,9,-14,-34,0,-14,-4,-9
-24,4,29,9,-26,17,-14,-34,0,-14,-4,-14
-29,4,34,12,-31,19,-14,-34,0,-14,-9,-14
-29,0,29,14,-29,14,-14,-34,0,-14,-9,-9
-29,-4,24,17,-26,9,-14,-34,0,-14,-9,-9
-24,-4,19,14,-21,7,-14,-34,0,-14,-9,-9
-24,-4,19,14,-21,7,-14,-34,0,-14,-9,-9
-24,-4,19,14,-21,7,-14,-34,0,-14,-9,-9
-24,-4,19,14,-21,7,-14,-34,0,-19,-14,-9
-24,-4,19,14,-21,7,-14,-34,0,-19,-14,-9
-29,-4,24,17,-26,9,-14,-34,0,-14,-14,-9
-29,-4,24,17,-26,9,-14,-34,0,-14,-14,-9
-29,-4,24,17,-26,9,-14,-34,0,-14,-9,-9
-24,0,24,12,-24,12,-9,-34,0,-9,-9,-9
-19,9,29,4,-24,19,-9,-39,0,-9,-9,-9
-24,9,34,7,-29,21,-9,-39,0,-9,-9,-9
-29,9,39,9,-34,24,-9,-39,0,-9,-9,-9
-29,9,39,9,-34,24,-9,-39,0,-9,-9,-9
-29,9,39,9,-34,24,-9,-39,0,-9,-9,-9
-24,19,43,2,-34,31,-9,-29,9,0,-4,-4
-19,29,48,-4,-34,39,-9,-19,19,9,0,0
-14,34,48,-9,-31,41,0,-9,29,14,4,9
-9,39,48,-14,-29,43,9,0,39,19,9,19
-9,39,48,-14,-29,43,9,0,43,24,19,24
-4,39,43,-17,-24,41,14,0,48,29,24,24
-4,39,43,-17,-24,41,19,4,53,34,29,29
-4,39,43,-17,-24,41,29,14,63,34,29,29
-4,39,43,-17,-24,41,34,19,63,34,29,29
-4,34,39,-14,-21,36,34,19,58,34,29,24
9,29,19,-19,-4,24,29,19,48,34,29,24
24,29,4,-26,9,17,14,14,39,29,29,24
34,34,0,-34,17,17,-14,0,29,29,24,24
39,34,-4,-36,21,14,-43,-19,9,14,24,24
34,34,0,-34,17,17,-48,-34,4,9,19,24
34,34,0,-34,17,17,-48,-43,-4,4,9,19
39,34,-4,-36,21,14,-48,-43,-14,0,9,19
43,34,-9,-39,26,12,-48,-43,-14,0,9,19
43,19,-24,-31,34,-2,-43,-34,-19,-14,0,4
48,19,-29,-34,39,-4,-39,-29,-19,-14,0,0
53,19,-34,-36,43,-7,-39,-24,-19,-4,0,4
58,19,-39,-39,48,-9,-39,-24,-14,0,0,14
63,19,-43,-41,53,-12,-39,-29,-14,0,4,19
63,19,-43,-41,53,-12,-39,-34,-14,0,4,19
48,19,-29,-34,39,-4,-43,-34,-14,0,0,9
29,19,-9,-24,19,4,-39,-39,-14,-4,-4,4
-4,4,9,0,-7,7,-29,-39,-14,-4,-9,0
-29,-4,24,17,-26,9,-19,-39,-14,-9,-14,-14
-29,-19,9,24,-19,-4,-19,-39,-19,-29,-29,-24
-34,-29,4,31,-19,-12,-19,-39,-19,-34,-34,-29
-34,-29,4,31,-19,-12,-14,-43,-19,-34,-34,-29
-39,-29,9,34,-24,-9,-14,-48,-19,-34,-29,-24
-39,-24,14,31,-26,-4,-14,-48,-19,-34,-29,-24
-39,-24,14,31,-26,-4,-14,-48,-19,-34,-29,-24
-39,-24,14,31,-26,-4,-14,-43,-19,-34,-29,-24
-34,-24,9,29,-21,-7,-14,-39,-19,-34,-29,-24
-34,-24,9,29,-21,-7,-14,-39,-24,-34,-29,-24
-39,-24,14,31,-26,-4,-14,-39,-24,-34,-29,-24
-39,-19,19,29,-29,0,-14,-43,-24,-34,-29,-24
-39,-19,19,29,-29,0,-14,-48,-24,-34,-29,-24
-39,-24,14,31,-26,-4,-14,-48,-24,-34,-29,-29
-39,-29,9,34,-24,-9,-14,-48,-24,-34,-29,-34
-39,-29,9,34,-24,-9,-14,-48,-29,-34,-29,-34
-43,-19,24,31,-34,2,-19,-43,-29,-29,-29,-29
-63,0,63,31,-63,31,-4,-53,14,-14,-14,-19
-92,39,131,26,-112,85,48,0,112,24,14,9
-126,92,219,17,-173,156,122,112,283,136,82,58
-136,175,312,-19,-224,244,161,175,453,287,209,151
-92,278,370,-92,-231,324,170,204,614,507,419,322
73,453,380,-263,-153,417,58,117,727,790,707,570
356,722,366,-539,-4,544,-165,9,766,1205,1122,917
556,785,229,-671,163,507,-439,-200,566,1327,1263,1034
610,395,-214,-502,412,90,-507,-385,-4,697,673,585
561,-29,-590,-265,575,-309,-522,-527,-688,-78,-19,39
322,-361,-683,19,502,-522,-507,-775,-1263,-849,-619,-424
195,-512,-707,158,451,-610,-541,-878,-1493,-1141,-834,-590
141,-556,-697,207,419,-627,-497,-814,-1424,-1098,-834,-614
87,-546,-634,229,361,-590,-400,-683,-1259,-995,-775,-590
48,-400,-448,175,248,-424,-292,-527,-927,-761,-600,-458
39,-244,-283,102,161,-263,-224,-380,-605,-507,-400,-302
39,-126,-165,43,102,-146,-180,-273,-375,-307,-234,-175
39,-73,-112,17,75,-92,-146,-200,-253,-195,-146,-107
39,-58,-97,9,68,-78,-87,-131,-175,-146,-112,-82
4,-48,-53,21,29,-51,-39,-68,-97,-107,-82,-63
-9,-39,-29,24,9,-34,-29,-39,-58,-68,-58,-43
-9,-29,-19,19,4,-24,-29,-29,-48,-48,-43,-34
-9,-29,-19,19,4,-24,-19,-24,-43,-43,-39,-34
-14,-29,-14,21,0,-21,-9,-14,-29,-34,-39,-24
-19,-19,0,19,-9,-9,-9,-9,-19,-29,-34,-24
-19,-19,0,19,-9,-9,-9,-9,-14,-19,-19,-24
-24,-14,9,19,-17,-2,-4,-4,-14,-19,-19,-24
-24,-14,9,19,-17,-2,-4,-4,-9,-19,-19,-24
-24,-14,9,19,-17,-2,-4,-4,-4,-19,-19,-24
-24,-14,9,19,-17,-2,-4,0,-4,-14,-19,-24
-29,-14,14,21,-21,0,0,0,-4,-14,-14,-24
-34,-14,19,24,-26,2,4,0,0,-14,-14,-24
-34,-14,19,24,-26,2,4,0,0,-9,-14,-19
-34,-9,24,21,-29,7,4,0,4,-9,-14,-14
-34,-9,24,21,-29,7,4,0,4,-9,-14,-14
-34,-9,24,21,-29,7,9,4,4,-9,-9,-14
-34,-9,24,21,-29,7,14,9,4,-9,-9,-9
-34,-9,24,21,-29,7,14,9,4,-9,-9,-9
-34,-9,24,21,-29,7,14,9,4,-9,-9,-9
-34,-9,24,21,-29,7,14,9,4,-9,-9,-9
-34,-9,24,21,-29,7,19,14,4,-9,-9,-9
-34,-9,24,21,-29,7,19,19,4,-9,-9,-9
-34,-9,24,21,-29,7,19,19,4,-4,-9,-9
-34,-9,24,21,-29,7,19,24,4,0,-9,-9
-34,-14,19,24,-26,2,19,29,4,4,-9,-14
-34,-14,19,24,-26,2,19,29,4,4,-9,-14
-29,-14,14,21,-21,0,19,29,4,0,-9,-9
-29,-14,14,21,-21,0,19,29,4,-4,-9,-9
-29,-9,19,19,-24,4,14,24,4,0,-9,-9
-29,-9,19,19,-24,4,9,24,9,0,-9,-14
-29,-9,19,19,-24,4,9,29,14,0,-4,-14
-29,-9,19,19,-24,4,9,34,19,0,-4,-14
-24,0,24,12,-24,12,19,34,19,0,-4,-14
-24,4,29,9,-26,17,24,34,24,4,0,-14
-24,4,29,9,-26,17,24,34,24,14,4,-4
-24,4,29,9,-26,17,24,39,29,19,9,0
-24,4,29,9,-26,17,24,39,34,19,9,0
-24,0,24,12,-24,12,29,43,34,24,9,0
-24,0,24,12,-24,12,29,48,39,24,9,0
-24,0,24,12,-24,12,29,53,43,24,14,0
-24,0,24,12,-24,12,34,58,43,24,14,4
-19,0,19,9,-19,9,34,63,43,29,14,4
-19,4,24,7,-21,14,34,63,53,34,19,4
-14,4,19,4,-17,12,39,73,53,39,24,9
-14,4,19,4,-17,12,39,82,53,39,24,9
-14,4,19,4,-17,12,39,87,53,39,24,9
-14,4,19,4,-17,12,39,97,63,48,29,9
-14,9,24,2,-19,17,43,102,78,53,29,14
-9,9,19,0,-14,14,48,107,78,58,29,14
-9,9,19,0,-14,14,48,117,78,58,34,14
-9,9,19,0,-14,14,53,126,82,63,34,14
-9,9,19,0,-14,14,58,131,87,63,34,19
-4,9,14,-2,-9,12,63,146,92,63,39,19
0,14,14,-7,-7,14,63,156,92,58,39,19
0,14,14,-7,-7,14,68,165,102,63,39,24
0,14,14,-7,-7,14,68,170,107,63,39,29
4,9,4,-7,0,7,78,180,112,63,39,29
4,4,0,-4,2,2,78,190,112,63,39,34
9,4,-4,-7,7,0,82,195,117,63,39,34
9,9,0,-9,4,4,82,195,112,63,39,29
9,9,0,-9,4,4,87,204,112,68,39,29
14,9,-4,-12,9,2,87,209,112,68,34,29
14,0,-14,-7,14,-7,92,214,112,68,34,29
14,0,-14,-7,14,-7,92,214,107,63,34,24
14,0,-14,-7,14,-7,92,219,102,53,29,24
19,4,-14,-12,17,-4,92,224,97,43,19,24
24,4,-19,-14,21,-7,92,229,97,43,14,19
24,4,-19,-14,21,-7,87,229,97,43,14,19
24,9,-14,-17,19,-2,82,224,97,43,14,14
29,14,-14,-21,21,0,73,204,97,43,14,9
29,14,-14,-21,21,0,68,200,92,43,14,9
29,14,-14,-21,21,0,58,180,87,34,14,9
29,9,-19,-19,24,-4,58,165,87,34,19,14
24,9,-14,-17,19,-2,53,141,82,39,19,14
19,9,-9,-14,14,0,48,122,82,34,24,14
14,9,-4,-12,9,2,39,97,78,29,24,14
4,14,9,-9,-2,12,24,82,73,39,29,14
4,14,9,-9,-2,12,19,63,68,39,29,9
0,9,9,-4,-4,9,14,43,68,34,24,9
0,9,9,-4,-4,9,9,34,58,29,19,9
-4,9,14,-2,-9,12,9,29,53,29,19,14
-9,9,19,0,-14,14,4,19,48,24,14,14
-14,0,14,7,-14,7,4,9,43,14,14,9
-14,0,14,7,-14,7,4,9,39,14,9,4
-19,4,24,7,-21,14,0,0,29,4,0,0
-24,4,29,9,-26,17,0,-4,24,4,0,-4
-24,4,29,9,-26,17,0,-9,24,-4,0,-9
-24,4,29,9,-26,17,0,-9,19,-9,0,-9
-24,0,24,12,-24,12,0,-14,14,-9,-4,-9
-29,-4,24,17,-26,9,0,-19,4,-9,-9,-9
-29,-4,24,17,-26,9,0,-19,4,-9,-14,-9
-29,-4,24,17,-26,9,4,-24,4,-14,-14,-9
-34,-9,24,21,-29,7,4,-24,4,-19,-14,-14
-43,-9,34,26,-39,12,4,-24,0,-19,-19,-14
-43,-9,34,26,-39,12,4,-24,0,-19,-19,-14
-48,-9,39,29,-43,14,4,-24,0,-24,-19,-14
-48,-14,34,31,-41,9,4,-19,0,-24,-19,-19
-48,-14,34,31,-41,9,4,-14,0,-24,-24,-19
-43,-14,29,29,-36,7,4,-19,0,-24,-24,-19
-43,-14,29,29,-36,7,4,-19,0,-24,-24,-19
-43,-14,29,29,-36,7,4,-19,0,-24,-24,-19
-39,-14,24,26,-31,4,4,-19,0,-24,-24,-24
-39,-14,24,26,-31,4,4,-19,0,-24,-24,-24
-39,-14,24,26,-31,4,4,-19,-4,-24,-24,-19
-39,-9,29,24,-34,9,4,-19,-4,-24,-19,-19
-39,0,39,19,-39,19,4,-19,0,-24,-19,-19
-39,0,39,19,-39,19,4,-19,0,-24,-19,-19
-43,0,43,21,-43,21,4,-19,0,-24,-19,-19
-43,0,43,21,-43,21,4,-24,0,-19,-19,-24
-39,0,39,19,-39,19,4,-29,0,-14,-19,-24
-39,0,39,19,-39,19,4,-29,-4,-14,-14,-19
-39,0,39,19,-39,19,4,-29,-4,-14,-9,-19
-39,0,39,19,-39,19,4,-29,0,-19,-9,-19
-39,4,43,17,-41,24,4,-29,0,-19,-9,-19
-39,4,43,17,-41,24,4,-29,0,-19,-14,-19
-39,4,43,17,-41,24,4,-29,-4,-19,-14,-14
-34,0,34,17,-34,17,4,-29,-4,-19,-14,-14
-34,-4,29,19,-31,12,0,-29,0,-19,-19,-14
-34,-4,29,19,-31,12,0,-29,0,-19,-19,-14
-34,-4,29,19,-31,12,0,-29,0,-14,-14,-14
-34,-4,29,19,-31,12,0,-29,-4,-14,-14,-14
-34,-4,29,19,-31,12,0,-29,-4,-14,-14,-14
-34,-4,29,19,-31,12,0,-24,-4,-9,-9,-14
-39,-4,34,21,-36,14,0,-19,-4,-4,-4,-9
-39,-4,34,21,-36,14,0,-24,-4,-4,-9,-9
-39,-4,34,21,-36,14,0,-24,-4,-4,-9,-9
-39,-4,34,21,-36,14,4,-24,-4,-4,-9,-9
-39,-4,34,21,-36,14,4,-24,-4,-4,-9,-9
-43,-4,39,24,-41,17,4,-29,-4,-9,-14,-9
-43,-4,39,24,-41,17,4,-29,-4,-9,-14,-9
-43,-4,39,24,-41,17,4,-24,-4,-9,-14,-9
-43,-4,39,24,-41,17,4,-24,-4,-9,-14,-9
-39,-4,34,21,-36,14,4,-24,-4,-4,-9,-9
-39,-4,34,21,-36,14,4,-29,0,-4,-9,-9
-39,-4,34,21,-36,14,4,-29,0,-9,-14,-9
-39,-4,34,21,-36,14,4,-29,0,-14,-14,-9
-39,-4,34,21,-36,14,0,-34,-4,-14,-14,-9
-34,-4,29,19,-31,12,-4,-39,-4,-14,-14,-9
-34,-4,29,19,-31,12,-4,-39,-4,-14,-14,-14
-34,-4,29,19,-31,12,-4,-39,-4,-14,-14,-14
-39,-4,34,21,-36,14,0,-39,-4,-14,-14,-9
-39,-4,34,21,-36,14,4,-39,-4,-14,-14,-9
-39,-9,29,24,-34,9,4,-39,-4,-14,-14,-9
-39,-9,29,24,-34,9,4,-39,-4,-14,-14,-9
-39,-9,29,24,-34,9,4,-43,-9,-19,-14,-9
-39,-9,29,24,-34,9,4,-43,-9,-19,-14,-9
-39,-9,29,24,-34,9,4,-39,-9,-14,-14,-9
-39,-4,34,21,-36,14,4,-39,-4,-14,-14,-9
-39,-4,34,21,-36,14,4,-39,-4,-14,-14,-9
-39,-4,34,21,-36,14,4,-39,-9,-14,-14,-9
-39,-9,29,24,-34,9,0,-39,-9,-14,-14,-9
-39,-9,29,24,-34,9,-4,-39,-9,-14,-14,-9
-39,-9,29,24,-34,9,-4,-43,-9,-14,-14,-9
-39,-9,29,24,-34,9,-4,-43,-9,-14,-14,-9
-39,-9,29,24,-34,9,-4,-43,-9,-14,-14,-9
-39,-4,34,21,-36,14,-4,-43,-9,-14,-14,-9
-39,-4,34,21,-36,14,-4,-43,-9,-14,-14,-9
-39,-9,29,24,-34,9,-4,-43,-9,-14,-14,-9
-39,-9,29,24,-34,9,-4,-43,-9,-19,-14,-9
-39,-4,34,21,-36,14,-4,-43,-9,-24,-9,-14
-39,-4,34,21,-36,14,-4,-43,-9,-24,-9,-14
-39,-4,34,21,-36,14,-4,-43,-9,-24,-9,-9
-39,-4,34,21,-36,14,-4,-43,-9,-19,-9,-9
-34,-4,29,19,-31,12,-4,-43,-9,-14,-9,-9
-34,-4,29,19,-31,12,-4,-43,-9,-14,-9,-9
-34,-4,29,19,-31,12,-4,-43,-9,-14,-9,-9
-34,-4,29,19,-31,12,-4,-43,-9,-19,-14,-9
-34,-4,29,19,-31,12,-4,-43,-9,-19,-14,-9
-43,-4,39,24,-41,17,-4,-43,-9,-14,-14,-9
-48,-4,43,26,-46,19,-4,-43,-9,-14,-9,-9
-43,0,43,21,-43,21,0,-39,-14,-14,-14,-14
-43,0,43,21,-43,21,0,-39,-19,-19,-19,-19
-39,-4,34,21,-36,14,0,-39,-14,-19,-14,-14
-39,-9,29,24,-34,9,0,-39,-9,-19,-9,-9
-39,-9,29,24,-34,9,0,-39,-9,-19,-9,-14
-39,-9,29,24,-34,9,0,-39,-9,-19,-9,-19
-39,-9,29,24,-34,9,0,-39,-9,-19,-9,-19
-39,-9,29,24,-34,9,0,-39,-9,-19,-9,-19
-39,-9,29,24,-34,9,0,-39,-9,-19,-9,-14
-39,-9,29,24,-34,9,0,-39,-9,-19,-9,-9
-34,-4,29,19,-31,12,0,-39,-4,-14,-9,-9
-29,0,29,14,-29,14,0,-39,0,-9,-9,-9
-29,9,39,9,-34,24,4,-34,9,-4,0,0
-29,19,48,4,-39,34,9,-29,19,0,9,9
-24,29,53,-2,-39,41,14,-19,29,9,14,14
-19,39,58,-9,-39,48,19,-9,39,19,19,19
-14,39,53,-12,-34,46,19,-4,43,24,24,24
-9,39,48,-14,-29,43,24,0,43,29,24,24
-4,39,43,-17,-24,41,29,4,48,34,29,29
-4,39,43,-17,-24,41,39,14,53,34,29,29
-4,29,34,-12,-19,31,48,19,53,34,29,29
-4,14,19,-4,-12,17,53,19,48,34,29,24
4,9,4,-7,0,7,43,19,43,34,29,24
14,9,-4,-12,9,2,24,14,39,29,29,24
29,14,-14,-21,21,0,-9,-4,29,29,24,24
39,14,-24,-26,31,-4,-43,-29,9,14,24,24
39,14,-24,-26,31,-4,-48,-43,0,9,19,24
43,14,-29,-29,36,-7,-48,-53,-14,4,9,19
48,19,-29,-34,39,-4,-48,-53,-24,0,9,19
53,24,-29,-39,41,-2,-48,-53,-24,0,9,19
53,9,-43,-31,48,-17,-43,-43,-24,-14,0,4
58,9,-48,-34,53,-19,-39,-39,-19,-14,0,0
58,9,-48,-34,53,-19,-39,-29,-19,-4,0,4
58,9,-48,-34,53,-19,-39,-24,-14,0,0,14
58,9,-48,-34,53,-19,-39,-29,-14,0,4,19
53,9,-43,-31,48,-17,-39,-34,-14,0,4,19
39,9,-29,-24,34,-9,-39,-39,-14,0,0,9
19,9,-9,-14,14,0,-29,-48,-14,-4,-4,4
-14,-4,9,9,-12,2,-14,-48,-19,-4,-9,0
-39,-14,24,26,-31,4,0,-48,-24,-9,-14,-14
-39,-24,14,31,-26,-4,0,-48,-29,-29,-29,-24
-43,-29,14,36,-29,-7,0,-48,-29,-34,-34,-29
-43,-29,14,36,-29,-7,4,-48,-29,-34,-34,-29
-48,-29,19,39,-34,-4,4,-48,-29,-34,-29,-24
-48,-24,24,36,-36,0,4,-48,-29,-34,-29,-24
-48,-24,24,36,-36,0,4,-48,-29,-34,-29,-24
-48,-24,24,36,-36,0,4,-48,-29,-34,-29,-24
-43,-24,19,34,-31,-2,4,-48,-29,-34,-29,-24
-43,-24,19,34,-31,-2,4,-48,-29,-34,-29,-24
-48,-24,24,36,-36,0,4,-48,-24,-34,-29,-24
-48,-19,29,34,-39,4,0,-48,-24,-34,-29,-24
-48,-19,29,34,-39,4,-4,-48,-24,-34,-29,-24
-43,-19,24,31,-34,2,-4,-48,-24,-34,-29,-24
-39,-19,19,29,-29,0,-4,-48,-24,-34,-29,-24
-39,-19,19,29,-29,0,0,-48,-29,-34,-29,-24
-43,-9,34,26,-39,12,0,-43,-29,-29,-29,-19
-68,9,78,29,-73,43,14,-39,34,-4,-4,-9
-102,48,151,26,-126,100,68,29,151,43,34,19
-122,112,234,4,-178,173,131,126,322,165,117,92
-117,204,322,-43,-219,263,161,175,492,326,258,209
-53,326,380,-136,-217,353,146,185,634,570,483,380
131,522,390,-326,-129,456,9,78,727,878,785,629
395,722,326,-558,34,524,-195,-29,707,1205,1117,917
575,717,141,-646,217,429,-448,-239,448,1239,1176,976
600,317,-283,-458,441,17,-502,-414,-126,570,566,502
522,-117,-639,-202,580,-378,-502,-546,-814,-244,-146,-68
297,-419,-717,61,507,-568,-478,-761,-1317,-936,-692,-488
185,-541,-727,178,456,-634,-502,-829,-1473,-1151,-854,-610
141,-570,-712,214,427,-641,-458,-766,-1381,-1088,-839,-624
97,-546,-644,224,370,-595,-361,-634,-1190,-966,-766,-590
48,-400,-448,175,248,-424,-263,-492,-873,-732,-590,-458
29,-244,-273,107,151,-258,-204,-361,-566,-478,-390,-302
29,-136,-165,53,97,-151,-161,-253,-351,-297,-234,-185
29,-92,-122,31,75,-107,-126,-180,-244,-204,-156,-126
29,-73,-102,21,65,-87,-73,-117,-170,-146,-117,-92
-4,-58,-53,31,24,-56,-29,-58,-97,-97,-82,-63
-19,-48,-29,34,4,-39,-19,-34,-63,-68,-63,-48
-19,-39,-19,29,0,-29,-19,-29,-58,-58,-53,-43
-19,-39,-19,29,0,-29,-9,-24,-48,-53,-48,-43
-24,-39,-14,31,-4,-26,0,-14,-29,-43,-48,-34
-29,-29,0,29,-14,-14,0,-9,-19,-39,-43,-34
-29,-29,0,29,-14,-14,0,-9,-14,-29,-29,-34
-34,-24,9,29,-21,-7,4,-4,-14,-29,-29,-29
-34,-24,9,29,-21,-7,4,-4,-9,-29,-29,-24
-34,-19,14,26,-24,-2,4,-4,-4,-29,-29,-24
-34,-14,19,24,-26,2,4,0,-4,-24,-29,-24
-34,-14,19,24,-26,2,4,0,-9,-24,-24,-24
-34,-14,19,24,-26,2,4,0,-9,-24,-24,-24
-34,-14,19,24,-26,2,4,0,-9,-19,-24,-24
-34,-9,24,21,-29,7,4,0,-4,-19,-24,-24
-34,-14,19,24,-26,2,4,0,-4,-19,-24,-24
-34,-19,14,26,-24,-2,9,4,-4,-19,-19,-24
-34,-19,14,26,-24,-2,14,9,-4,-14,-19,-19
-34,-19,14,26,-24,-2,14,9,-4,-9,-19,-19
-34,-19,14,26,-24,-2,14,9,-4,-9,-19,-19
-34,-19,14,26,-24,-2,14,9,-4,-9,-19,-19
-34,-19,14,26,-24,-2,19,14,-4,-14,-19,-19
-34,-19,14,26,-24,-2,19,19,-4,-19,-19,-19
-34,-19,14,26,-24,-2,19,19,0,-19,-14,-19
-34,-19,14,26,-24,-2,19,24,4,-19,-9,-19
-29,-19,9,24,-19,-4,19,29,4,-9,-9,-24
-24,-14,9,19,-17,-2,19,29,4,-4,-9,-24
-19,-14,4,17,-12,-4,19,29,4,-4,-14,-19
-19,-14,4,17,-12,-4,19,29,4,-4,-19,-19
-19,-9,9,14,-14,0,19,29,4,0,-19,-14
-19,-9,9,14,-14,0,19,34,9,0,-19,-14
-24,-14,9,19,-17,-2,19,39,14,0,-14,-14
-29,-19,9,24,-19,-4,19,43,19,0,-14,-14
-24,-14,9,19,-17,-2,24,43,19,0,-14,-14
-24,-14,9,19,-17,-2,24,43,24,4,-9,-14
-24,-14,9,19,-17,-2,29,43,24,9,-9,-9
-24,-14,9,19,-17,-2,34,48,29,9,-9,-9
-24,-9,14,17,-19,2,34,48,34,9,-4,-4
-24,-9,14,17,-19,2,39,53,34,14,0,0
-24,-9,14,17,-19,2,39,63,39,14,0,0
-24,-9,14,17,-19,2,39,73,43,14,4,0
-24,-9,14,17,-19,2,39,78,43,14,9,4
-19,-9,9,14,-14,0,34,82,43,19,14,4
-19,-4,14,12,-17,4,34,78,53,24,19,4
-14,-4,9,9,-12,2,39,82,53,29,24,9
-14,-4,9,9,-12,2,39,92,53,34,24,9
-14,-4,9,9,-12,2,39,97,53,39,24,9
-14,-4,9,9,-12,2,39,107,58,43,24,9
-14,0,14,7,-14,7,43,112,68,43,19,14
-9,0,9,4,-9,4,48,117,73,48,19,14
-9,0,9,4,-9,4,48,126,78,48,24,14
-9,0,9,4,-9,4,53,136,82,53,24,14
-9,0,9,4,-9,4,58,141,87,53,24,19
-4,0,4,2,-4,2,63,156,92,58,29,19
0,4,4,-2,-2,4,63,165,92,58,29,19
0,4,4,-2,-2,4,68,175,102,63,34,19
0,4,4,-2,-2,4,68,180,107,63,39,19
4,4,0,-4,2,2,78,190,112,63,39,19
4,4,0,-4,2,2,78,200,112,63,39,24
9,9,0,-9,4,4,82,209,122,63,39,29
9,19,9,-14,0,14,82,214,122,63,39,29
9,19,9,-14,0,14,87,224,122,63,39,29
14,19,4,-17,4,12,87,229,122,58,34,29
19,9,-9,-14,14,0,92,234,122,63,34,29
24,9,-14,-17,19,-2,92,234,117,63,34,24
24,4,-19,-14,21,-7,92,239,112,58,29,24
29,4,-24,-17,26,-9,92,244,107,53,19,24
34,4,-29,-19,31,-12,92,244,107,53,19,19
34,4,-29,-19,31,-12,87,239,107,53,24,19
34,14,-19,-24,26,-2,82,234,107,53,24,19
39,24,-14,-31,26,4,73,214,107,53,24,19
39,24,-14,-31,26,4,68,204,102,53,24,19
39,24,-14,-31,26,4,58,180,97,43,24,19
39,19,-19,-29,29,0,53,165,97,43,29,24
34,19,-14,-26,24,2,43,141,92,48,29,24
29,19,-9,-24,19,4,39,122,87,43,29,24
24,19,-4,-21,14,7,29,97,78,39,24,24
14,19,4,-17,4,12,19,87,73,48,29,29
14,14,0,-14,7,7,19,73,68,48,29,29
9,9,0,-9,4,4,14,53,68,43,24,29
9,9,0,-9,4,4,9,43,58,39,19,29
0,9,9,-4,-4,9,9,34,53,39,19,29
-9,9,19,0,-14,14,4,19,48,34,14,24
-14,0,14,7,-14,7,4,9,39,24,14,19
-14,0,14,7,-14,7,4,9,29,24,9,14
-19,0,19,9,-19,9,0,-4,19,9,0,9
-24,-4,19,14,-21,7,0,-14,14,4,0,4
-24,-4,19,14,-21,7,0,-19,14,-4,0,0
-24,-4,19,14,-21,7,0,-19,9,-9,0,0
-24,-4,19,14,-21,7,0,-19,9,-9,0,0
-29,-4,24,17,-26,9,0,-19,4,-9,0,0
-29,-4,24,17,-26,9,0,-19,4,-9,-9,-4
-29,-4,24,17,-26,9,4,-24,4,-14,-14,-9
-24,-9,14,17,-19,2,4,-24,4,-19,-14,-14
-24,-9,14,17,-19,2,4,-24,0,-19,-19,-14
-24,-9,14,17,-19,2,4,-24,0,-19,-19,-14
-29,-9,19,19,-24,4,4,-24,0,-24,-19,-14
-34,-9,24,21,-29,7,4,-24,0,-24,-14,-19
-39,-4,34,21,-36,14,4,-24,0,-24,-14,-19
-34,-4,29,19,-31,12,4,-29,0,-24,-14,-19
-34,-4,29,19,-31,12,4,-29,0,-24,-14,-19
-39,-9,29,24,-34,9,4,-29,0,-24,-19,-19
-39,-14,24,26,-31,4,4,-29,0,-24,-24,-24
-39,-14,24,26,-31,4,4,-29,0,-24,-24,-24
-39,-14,24,26,-31,4,4,-29,-4,-24,-24,-19
-39,-14,24,26,-31,4,4,-29,-4,-24,-19,-19
-39,-9,29,24,-34,9,4,-29,0,-24,-19,-19
-39,-9,29,24,-34,9,4,-29,0,-24,-19,-19
-43,-9,34,26,-39,12,4,-29,0,-24,-19,-19
-43,-4,39,24,-41,17,4,-29,4,-19,-19,-19
-39,0,39,19,-39,19,4,-29,9,-14,-19,-14
-34,0,34,17,-34,17,4,-24,4,-14,-19,-9
-29,0,29,14,-29,14,4,-19,4,-14,-19,-9
-29,-4,24,17,-26,9,4,-19,9,-14,-19,-14
-29,-4,24,17,-26,9,4,-19,9,-9,-19,-19
-29,-4,24,17,-26,9,4,-24,9,-9,-19,-19
-29,-4,24,17,-26,9,4,-29,4,-9,-14,-14
-24,-4,19,14,-21,7,4,-29,4,-9,-14,-14
-24,-4,19,14,-21,7,0,-29,9,-9,-19,-14
-24,-4,19,14,-21,7,0,-24,9,-9,-19,-9
-24,-4,19,14,-21,7,0,-19,9,-4,-14,-4
-24,0,24,12,-24,12,0,-19,4,-4,-9,-4
-24,4,29,9,-26,17,0,-19,4,-4,-4,-4
-24,4,29,9,-26,17,0,-19,4,-4,-4,-9
-29,4,34,12,-31,19,0,-19,4,-4,-4,-9
-29,0,29,14,-29,14,0,-24,4,-4,-9,-9
-29,-4,24,17,-26,9,0,-24,4,-4,-9,-9
-29,-4,24,17,-26,9,0,-24,4,-4,-9,-9
-29,-4,24,17,-26,9,-4,-24,4,-4,-9,-9
-34,-4,29,19,-31,12,-4,-29,9,-9,-9,-9
-34,-4,29,19,-31,12,-4,-29,14,-9,-4,-9
-34,-4,29,19,-31,12,-4,-24,14,-9,-4,-9
-34,-4,29,19,-31,12,-4,-24,14,-9,-4,-9
-34,-4,29,19,-31,12,-4,-24,9,-4,0,-9
-39,-4,34,21,-36,14,-4,-29,9,-4,0,-9
-39,-4,34,21,-36,14,-4,-29,9,-4,-4,-9
-39,-4,34,21,-36,14,-4,-29,9,-4,-4,-9
-34,-4,29,19,-31,12,-4,-29,4,-4,-4,-9
-24,-4,19,14,-21,7,-4,-29,4,-4,-4,-9
-24,-4,19,14,-21,7,-4,-29,4,-4,-4,-14
-24,-4,19,14,-21,7,-4,-29,4,-4,-4,-14
-29,-4,24,17,-26,9,-4,-29,4,-4,-4,-9
-29,-4,24,17,-26,9,-4,-29,4,-4,-4,-9
-29,-9,19,19,-24,4,-4,-29,9,-4,-4,-9
-29,-9,19,19,-24,4,-4,-29,14,-4,-4,-9
-29,-9,19,19,-24,4,-4,-34,9,-9,-4,-9
-29,-9,19,19,-24,4,-4,-34,9,-9,-4,-9
-24,-9,14,17,-19,2,-4,-34,4,-4,-4,-9
-19,-4,14,12,-17,4,-4,-39,4,-4,-4,-9
-19,0,19,9,-19,9,-4,-39,4,-4,-4,-9
-19,4,24,7,-21,14,-4,-39,0,-4,-4,-9
-24,0,24,12,-24,12,-4,-34,0,-4,-4,-9
-29,0,29,14,-29,14,-4,-29,0,-4,-4,-9
-29,0,29,14,-29,14,-4,-34,0,-4,-4,-9
-29,0,29,14,-29,14,-4,-34,0,-4,-4,-9
-29,0,29,14,-29,14,-4,-34,0,-9,-4,-9
-29,4,34,12,-31,19,-4,-34,0,-14,-4,-9
-29,4,34,12,-31,19,-4,-34,0,-14,-4,-9
-29,0,29,14,-29,14,-4,-34,0,-14,-4,-9
-29,0,29,14,-29,14,-4,-34,0,-9,-4,-9
-29,4,34,12,-31,19,-4,-34,0,-4,0,-14
-29,4,34,12,-31,19,-4,-34,0,-4,0,-14
-29,4,34,12,-31,19,-4,-34,0,-4,0,-9
-34,0,34,17,-34,17,-4,-34,0,-4,-4,-9
-34,-4,29,19,-31,12,-4,-34,0,-4,-9,-9
-34,-4,29,19,-31,12,-4,-34,0,-4,-9,-9
-34,-4,29,19,-31,12,-4,-34,0,-4,-9,-9
-29,-4,24,17,-26,9,-4,-34,0,-9,-9,-9
-24,-4,19,14,-21,7,-4,-34,0,-9,-4,-9
-29,-4,24,17,-26,9,-9,-34,0,-4,-4,-9
-29,-4,24,17,-26,9,-14,-34,0,-4,0,-9
-24,0,24,12,-24,12,-4,-34,-4,-4,0,-9
-24,0,24,12,-24,12,0,-39,-9,-9,0,-9
-24,0,24,12,-24,12,-4,-39,-4,-9,0,-9
-29,0,29,14,-29,14,-9,-39,0,-9,0,-9
-29,0,29,14,-29,14,-9,-39,0,-9,0,-9
-29,0,29,14,-29,14,-9,-39,0,-9,0,-9
-29,0,29,14,-29,14,-9,-39,0,-9,-4,-9
-29,0,29,14,-29,14,-9,-39,0,-9,-9,-9
-29,0,29,14,-29,14,-9,-39,0,-9,-9,-9
-29,0,29,14,-29,14,-9,-39,0,-9,-9,-9
-29,0,29,14,-29,14,-9,-39,0,-9,-4,-9
-29,0,29,14,-29,14,-9,-39,0,-9,0,-9
-29,0,29,14,-29,14,-9,-39,0,-9,0,-4
-29,0,29,14,-29,14,-9,-39,0,-9,0,0
-29,0,29,14,-29,14,-4,-34,4,-4,0,0
-29,0,29,14,-29,14,0,-29,9,0,0,0
-24,9,34,7,-29,21,4,-24,19,4,9,4
-19,19,39,0,-29,29,9,-19,29,9,19,9
-14,29,43,-7,-29,36,14,-9,39,24,29,19
-9,39,48,-14,-29,43,19,0,48,39,39,29
-4,39,43,-17,-24,41,24,0,53,39,39,29
0,39,39,-19,-19,39,29,9,58,39,39,29
4,39,34,-21,-14,36,39,19,63,43,39,29
4,34,29,-19,-12,31,43,29,63,43,39,29
0,19,19,-9,-9,19,48,29,63,43,39,24
4,9,4,-7,0,7,43,29,58,43,39,24
14,9,-4,-12,9,2,24,24,48,39,39,24
24,14,-9,-19,17,2,-4,4,39,39,34,24
29,14,-14,-21,21,0,-39,-19,19,24,34,24
29,14,-14,-21,21,0,-48,-34,14,19,29,24
34,14,-19,-24,26,-2,-48,-43,0,14,19,19
39,14,-24,-26,31,-4,-48,-43,-14,9,19,19
43,19,-24,-31,34,-2,-48,-48,-14,9,19,24
43,9,-34,-26,39,-12,-43,-43,-19,-4,9,14
48,9,-39,-29,43,-14,-39,-39,-19,-4,9,9
48,9,-39,-29,43,-14,-39,-34,-19,0,9,9
53,9,-43,-31,48,-17,-39,-34,-14,0,9,14
58,9,-48,-34,53,-19,-39,-39,-14,0,14,19
58,9,-48,-34,53,-19,-39,-39,-14,0,19,19
48,9,-39,-29,43,-14,-39,-34,-14,0,19,14
29,9,-19,-19,24,-4,-29,-39,-14,-4,14,14
0,-4,-4,2,2,-4,-19,-39,-14,-4,9,9
-24,-14,9,19,-17,-2,-9,-43,-14,-9,4,-4
-29,-24,4,26,-17,-9,-9,-48,-19,-24,-9,-14
-39,-29,9,34,-24,-9,-9,-48,-19,-24,-19,-19
-43,-29,14,36,-29,-7,-4,-48,-19,-24,-24,-19
-48,-29,19,39,-34,-4,-4,-48,-19,-24,-19,-14
-48,-24,24,36,-36,0,-4,-48,-19,-24,-19,-14
-48,-24,24,36,-36,0,-4,-48,-19,-24,-19,-19
-48,-24,24,36,-36,0,-4,-48,-19,-24,-19,-24
-43,-24,19,34,-31,-2,-4,-48,-19,-24,-19,-24
-43,-24,19,34,-31,-2,-4,-48,-19,-24,-19,-24
-48,-24,24,36,-36,0,-4,-48,-14,-24,-19,-19
-48,-19,29,34,-39,4,-4,-48,-14,-24,-19,-14
-48,-19,29,34,-39,4,-4,-48,-14,-24,-19,-14
-48,-19,29,34,-39,4,-4,-48,-14,-24,-19,-14
-48,-24,24,36,-36,0,-4,-48,-14,-24,-19,-14
-48,-29,19,39,-34,-4,0,-48,-9,-19,-14,-14
-39,-24,14,31,-26,-4,-19,-63,-39,-29,-24,-24
-43,-4,39,24,-41,17,-24,-73,-14,-14,-9,-19
-87,19,107,34,-97,63,29,-9,68,4,0,-9
-117,63,180,26,-148,122,92,78,204,97,58,34
-161,126,287,17,-224,207,180,190,409,224,151,102
-131,214,346,-41,-239,280,214,253,566,400,302,224
48,448,400,-248,-175,424,112,175,746,751,653,527
263,653,390,-458,-63,522,-39,82,800,1068,980,810
527,775,248,-651,139,512,-361,-165,668,1342,1273,1049
634,566,-68,-600,351,248,-492,-366,268,1005,976,824
561,63,-497,-312,529,-217,-492,-527,-546,43,102,131
375,-317,-692,-29,534,-505,-473,-751,-1151,-741,-556,-380
234,-497,-732,131,483,-614,-531,-888,-1424,-1068,-785,-561
151,-585,-736,217,444,-661,-517,-888,-1478,-1176,-888,-658
92,-600,-692,253,392,-646,-419,-756,-1337,-1098,-854,-653
43,-507,-551,231,297,-529,-317,-614,-1078,-917,-727,-566
39,-312,-351,136,195,-331,-248,-448,-707,-610,-483,-380
39,-170,-209,65,124,-190,-200,-322,-439,-380,-292,-239
39,-107,-146,34,92,-126,-165,-239,-302,-253,-195,-151
39,-73,-112,17,75,-92,-112,-165,-200,-165,-131,-92
0,-63,-63,31,31,-63,-53,-82,-117,-117,-92,-73
-19,-48,-29,34,4,-39,-29,-34,-63,-78,-63,-58
-19,-39,-19,29,0,-29,-29,-29,-58,-63,-48,-48
-19,-39,-19,29,0,-29,-19,-24,-53,-53,-39,-43
-24,-39,-14,31,-4,-26,-4,-14,-39,-43,-39,-34
-29,-29,0,29,-14,-14,0,-9,-29,-39,-34,-34
-29,-29,0,29,-14,-14,0,-9,-24,-29,-19,-34
-34,-24,9,29,-21,-7,4,-4,-24,-29,-19,-29
-34,-19,14,26,-24,-2,4,-4,-19,-29,-19,-24
-34,-14,19,24,-26,2,4,-4,-14,-29,-19,-24
-34,-14,19,24,-26,2,4,0,-9,-19,-19,-19
-34,-14,19,24,-26,2,4,0,-4,-14,-14,-14
-34,-19,14,26,-24,-2,4,0,0,-14,-14,-14
-34,-24,9,29,-21,-7,4,0,0,-9,-14,-14
-34,-19,14,26,-24,-2,4,0,4,-9,-14,-14
-34,-19,14,26,-24,-2,4,0,4,-9,-14,-14
-34,-19,14,26,-24,-2,9,4,4,-9,-9,-14
-34,-19,14,26,-24,-2,14,9,4,-9,-9,-9
-34,-19,14,26,-24,-2,14,9,4,-9,-9,-9
-34,-19,14,26,-24,-2,14,9,4,-9,-9,-9
-34,-19,14,26,-24,-2,14,9,4,-9,-9,-9
-34,-19,14,26,-24,-2,19,14,4,-9,-9,-9
-34,-14,19,24,-26,2,19,19,4,-9,-9,-9
-34,-9,24,21,-29,7,19,19,4,-9,-9,-9
-34,-9,24,21,-29,7,19,29,4,-9,-9,-9
-34,-14,19,24,-26,2,19,39,4,-4,-9,-14
-39,-14,24,26,-31,4,19,39,4,-4,-9,-14
-39,-14,24,26,-31,4,19,39,4,-4,-9,-9
-39,-14,24,26,-31,4,19,34,4,-4,-9,-9
-39,-9,29,24,-34,9,19,29,4,0,-9,-4
-39,-9,29,24,-34,9,19,34,14,0,-4,-4
-39,-9,29,24,-34,9,19,39,19,0,4,-4
-39,-14,24,26,-31,4,19,48,19,0,4,-4
-34,-14,19,24,-26,2,24,53,19,0,4,-4
-34,-14,19,24,-26,2,24,53,24,4,9,-4
-34,-14,19,24,-26,2,24,53,24,9,9,0
-29,-14,14,21,-21,0,29,58,29,9,4,0
-24,-9,14,17,-19,2,34,58,34,9,0,0
-24,-9,14,17,-19,2,39,63,29,14,0,0
-24,-9,14,17,-19,2,39,68,29,14,0,0
-29,-9,19,19,-24,4,34,73,34,14,9,0
-34,-9,24,21,-29,7,34,78,34,14,14,4
-29,-9,19,19,-24,4,34,82,34,19,14,4
-29,-4,24,17,-26,9,34,82,43,24,19,4
-19,-4,14,12,-17,4,39,87,43,29,24,9
-14,-4,9,9,-12,2,39,92,43,29,24,9
-14,-4,9,9,-12,2,39,97,43,29,24,9
-14,-4,9,9,-12,2,39,107,48,34,29,9
-14,0,14,7,-14,7,43,117,58,34,29,14
-9,0,9,4,-9,4,48,126,58,39,29,14
-9,4,14,2,-12,9,48,136,58,39,29,14
-9,9,19,0,-14,14,53,146,63,43,24,14
-9,9,19,0,-14,14,58,146,68,43,24,19
-4,9,14,-2,-9,12,63,156,73,48,29,19
0,14,14,-7,-7,14,63,165,73,48,29,19
0,14,14,-7,-7,14,68,175,78,53,29,19
0,14,14,-7,-7,14,68,185,78,53,34,19
4,14,9,-9,-2,12,78,200,82,53,39,19
4,14,9,-9,-2,12,78,209,82,53,39,24
9,14,4,-12,2,9,82,219,92,53,39,24
9,19,9,-14,0,14,82,224,92,58,39,19
9,19,9,-14,0,14,87,234,92,63,39,19
14,19,4,-17,4,12,87,244,92,58,34,19
19,9,-9,-14,14,0,92,253,92,58,34,19
29,9,-19,-19,24,-4,92,253,87,53,34,14
34,9,-24,-21,29,-7,92,258,87,48,29,14
39,14,-24,-26,31,-4,92,263,87,39,19,14
43,14,-29,-29,36,-7,92,263,87,34,14,9
39,14,-24,-26,31,-4,87,263,87,34,14,9
34,14,-19,-24,26,-2,82,263,87,34,14,9
39,14,-24,-26,31,-4,73,244,87,34,9,9
39,14,-24,-26,31,-4,68,234,82,34,4,9
39,14,-24,-26,31,-4,63,209,78,24,4,4
39,14,-24,-26,31,-4,63,195,78,24,9,4
34,19,-14,-26,24,2,53,170,73,29,9,4
29,19,-9,-24,19,4,48,151,73,29,14,4
24,19,-4,-21,14,7,39,126,68,29,14,4
14,24,9,-19,2,17,29,112,63,39,19,9
14,24,9,-19,2,17,24,87,63,43,19,14
9,19,9,-14,0,14,14,63,68,43,19,19
14,19,4,-17,4,12,9,53,58,39,19,19
9,19,9,-14,0,14,9,43,53,39,19,19
0,14,14,-7,-7,14,4,24,43,29,14,14
-4,0,4,2,-4,2,4,9,34,14,14,9
-9,0,9,4,-9,4,4,9,29,14,9,0
-19,0,19,9,-19,9,0,0,24,4,0,-4
-24,-4,19,14,-21,7,0,-9,24,4,-4,-4
-24,-4,19,14,-21,7,0,-19,24,0,-9,-9
-24,-4,19,14,-21,7,0,-19,19,0,-9,-9
-24,-4,19,14,-21,7,0,-19,19,0,-9,-9
-34,-4,29,19,-31,12,0,-19,14,-4,-9,-9
-39,-4,34,21,-36,14,0,-19,14,-9,-14,-9
-39,-4,34,21,-36,14,4,-24,14,-14,-14,-9
-39,-9,29,24,-34,9,4,-24,14,-19,-14,-14
-43,-9,34,26,-39,12,4,-24,9,-14,-19,-14
-43,-9,34,26,-39,12,4,-24,9,-9,-19,-14
-48,-9,39,29,-43,14,4,-19,9,-14,-19,-14
-48,-14,34,31,-41,9,4,-14,9,-14,-19,-19
-48,-14,34,31,-41,9,4,-14,9,-19,-24,-19
-43,-14,29,29,-36,7,4,-19,9,-24,-24,-19
-43,-14,29,29,-36,7,4,-19,9,-24,-24,-19
-48,-14,34,31,-41,9,4,-19,9,-24,-24,-19
-43,-14,29,29,-36,7,4,-19,9,-19,-19,-19
-39,-14,24,26,-31,4,4,-19,9,-14,-14,-14
-39,-14,24,26,-31,4,4,-19,4,-14,-14,-9
-39,-14,24,26,-31,4,4,-19,4,-14,-9,-9
-43,-9,34,26,-39,12,4,-19,9,-14,-9,-14
-48,-9,39,29,-43,14,4,-19,9,-14,-9,-19
-53,-9,43,31,-48,17,4,-19,9,-14,-14,-19
-53,-9,43,31,-48,17,4,-19,9,-14,-19,-24
-48,-14,34,31,-41,9,4,-19,9,-14,-19,-24
-48,-19,29,34,-39,4,4,-19,4,-14,-19,-19
-48,-19,29,34,-39,4,4,-19,4,-14,-19,-19
-48,-19,29,34,-39,4,4,-19,9,-14,-19,-19
-48,-14,34,31,-41,9,4,-19,9,-9,-19,-19
-48,-14,34,31,-41,9,4,-19,9,-9,-19,-19
-48,-14,34,31,-41,9,4,-19,4,-9,-14,-14
-43,-14,29,29,-36,7,4,-19,4,-9,-14,-14
-43,-9,34,26,-39,12,0,-19,14,-9,-19,-14
-43,-4,39,24,-41,17,0,-19,19,-9,-19,-14
-39,-4,34,21,-36,14,0,-19,19,-4,-9,-9
-34,-4,29,19,-31,12,0,-19,14,-4,-4,-4
-34,-9,24,21,-29,7,0,-19,9,-4,-4,-4
-34,-14,19,24,-26,2,0,-19,4,-4,-4,-4
-39,-14,24,26,-31,4,0,-19,4,-4,-4,0
-39,-14,24,26,-31,4,0,-24,4,-4,-9,0
-39,-9,29,24,-34,9,0,-24,4,-9,-9,-4
-39,-4,34,21,-36,14,0,-24,4,-14,-9,-9
-39,-4,34,21,-36,14,-4,-24,4,-14,-14,-9
-39,-4,34,21,-36,14,-4,-29,4,-19,-19,-9
-34,-4,29,19,-31,12,-4,-29,4,-14,-14,-9
-34,-4,29,19,-31,12,-4,-24,4,-9,-14,-9
-34,-4,29,19,-31,12,-4,-24,4,-9,-9,-4
-34,-4,29,19,-31,12,-4,-24,4,-4,0,0
-39,-4,34,21,-36,14,-4,-29,9,-4,0,0
-39,-4,34,21,-36,14,-4,-29,9,-4,-4,0
-39,-4,34,21,-36,14,-4,-29,9,-4,-4,0
-39,-4,34,21,-36,14,-4,-29,4,-4,-4,0
-34,-9,24,21,-29,7,-4,-29,4,-4,-4,0
-34,-14,19,24,-26,2,-4,-29,4,-4,-4,-4
-34,-14,19,24,-26,2,-4,-29,4,-4,-4,-4
-39,-14,24,26,-31,4,-4,-29,4,-4,-4,0
-39,-9,29,24,-34,9,-4,-29,9,-4,-4,-4
-39,-9,29,24,-34,9,-4,-29,14,-4,-4,-9
-39,-9,29,24,-34,9,-4,-29,14,-4,-4,-9
-39,-9,29,24,-34,9,-4,-34,9,-9,-4,-9
-39,-9,29,24,-34,9,-4,-34,9,-4,-4,-4
-39,-9,29,24,-34,9,-4,-29,9,4,-4,0
-39,-4,34,21,-36,14,-4,-29,14,4,-4,0
-39,-4,34,21,-36,14,-4,-29,14,4,-4,0
-39,-4,34,21,-36,14,-4,-29,9,0,-4,-4
-39,-9,29,24,-34,9,-4,-29,9,-4,-4,-9
-39,-9,29,24,-34,9,-4,-29,9,-4,-4,-9
-39,-9,29,24,-34,9,-4,-34,9,-4,-4,-9
-39,-9,29,24,-34,9,-4,-34,9,-4,-4,-9
-39,-9,29,24,-34,9,-4,-34,9,-4,-4,-9
-39,-4,34,21,-36,14,-4,-29,9,-4,-4,-4
-39,-4,34,21,-36,14,-4,-24,9,-4,-4,0
-39,-9,29,24,-34,9,-4,-24,4,-4,-9,0
-39,-9,29,24,-34,9,-4,-24,0,-4,-14,0
-39,-4,34,21,-36,14,-4,-24,0,-4,-9,-4
-39,-4,34,21,-36,14,-4,-24,0,-4,-9,-4
-43,-4,39,24,-41,17,-4,-24,0,0,-4,0
-48,-4,43,26,-46,19,-4,-24,0,4,0,0
-43,-4,39,24,-41,17,-4,-29,0,4,0,0
-43,-4,39,24,-41,17,-4,-34,0,4,0,0
-39,-4,34,21,-36,14,-4,-34,0,4,0,0
-34,-4,29,19,-31,12,-4,-34,0,0,-4,0
-34,-4,29,19,-31,12,-4,-34,0,-4,-4,0
-39,-4,34,21,-36,14,-4,-34,0,-4,-4,0
-39,-4,34,21,-36,14,-4,-39,0,-4,-4,0
-39,-4,34,21,-36,14,-4,-43,0,-4,0,0
-39,0,39,19,-39,19,-4,-34,4,-4,-4,-4
-39,0,39,19,-39,19,-9,-29,9,-9,-9,-9
-39,0,39,19,-39,19,-9,-29,9,-9,-9,-9
-39,0,39,19,-39,19,-9,-29,9,-9,-9,-9
-39,-4,34,21,-36,14,-9,-29,4,-4,-4,-9
-39,-9,29,24,-34,9,-9,-29,0,0,0,-9
-39,-9,29,24,-34,9,-9,-29,0,4,0,-9
-39,-9,29,24,-34,9,-9,-29,0,9,0,-9
-39,-9,29,24,-34,9,-4,-29,4,9,0,-9
-39,-9,29,24,-34,9,0,-29,9,9,0,-9
-39,-9,29,24,-34,9,0,-24,9,9,0,-4
-39,-9,29,24,-34,9,0,-19,9,9,0,0
-39,0,39,19,-39,19,0,-19,14,9,4,0
-39,9,48,14,-43,29,0,-19,19,9,9,0
-29,14,43,7,-36,29,9,-14,34,19,19,9
-19,19,39,0,-29,29,19,-9,48,29,29,19
-14,24,39,-4,-26,31,19,4,53,34,34,24
-9,29,39,-9,-24,34,19,19,58,39,39,29
-9,29,39,-9,-24,34,24,19,58,39,39,29
-4,29,34,-12,-19,31,29,24,58,39,39,29
-4,29,34,-12,-19,31,39,34,63,43,39,34
-4,24,29,-9,-17,26,43,39,63,43,39,39
-4,19,24,-7,-14,21,43,34,58,43,39,34
4,19,14,-12,-4,17,34,29,48,43,39,34
14,19,4,-17,4,12,14,24,43,39,39,29
24,24,0,-24,12,12,-14,4,39,39,34,24
29,29,0,-29,14,14,-43,-19,19,24,34,24
29,34,4,-31,12,19,-48,-34,14,19,29,24
34,34,0,-34,17,17,-48,-43,4,14,19,19
39,34,-4,-36,21,14,-48,-43,-4,9,19,19
43,24,-19,-34,31,2,-48,-43,-9,9,14,19
43,0,-43,-21,43,-21,-43,-34,-19,-4,0,4
48,-4,-53,-21,51,-29,-39,-29,-19,-4,0,0
48,-9,-58,-19,53,-34,-39,-24,-19,0,0,0
48,-9,-58,-19,53,-34,-39,-24,-14,0,0,4
48,-9,-58,-19,53,-34,-39,-29,-14,0,4,9
43,-9,-53,-17,48,-31,-34,-34,-14,0,4,9
29,-9,-39,-9,34,-24,-29,-34,-14,0,0,4
14,-4,-19,-4,17,-12,-19,-34,-14,-4,-4,4
-9,-14,-4,12,-2,-9,-9,-29,-14,-4,-9,0
-29,-24,4,26,-17,-9,0,-29,-14,-9,-14,-14
-29,-34,-4,31,-12,-19,0,-29,-19,-24,-29,-24
-39,-39,0,39,-19,-19,-4,-29,-19,-24,-34,-29
-43,-39,4,41,-24,-17,-4,-29,-19,-24,-34,-29
-48,-39,9,43,-29,-14,-4,-29,-19,-19,-24,-24
-48,-34,14,41,-31,-9,-4,-29,-19,-14,-19,-24
-48,-29,19,39,-34,-4,-4,-34,-19,-14,-19,-19
-48,-24,24,36,-36,0,-4,-39,-19,-14,-19,-14
-43,-24,19,34,-31,-2,-4,-39,-19,-19,-19,-14
-43,-24,19,34,-31,-2,-4,-39,-19,-24,-19,-14
-48,-24,24,36,-36,0,0,-34,-14,-24,-19,-14
-48,-19,29,34,-39,4,4,-29,-14,-24,-19,-14
-48,-19,29,34,-39,4,4,-29,-9,-19,-19,-14
-48,-19,29,34,-39,4,4,-29,-4,-14,-19,-14
-48,-29,19,39,-34,-4,4,-29,-4,-14,-19,-14
-48,-39,9,43,-29,-14,9,-29,0,-9,-14,-14
-53,-19,34,36,-43,7,9,-14,24,19,4,0
-73,14,87,29,-80,51,24,4,102,73,48,29
-97,58,156,19,-126,107,82,92,219,141,102,68
-107,122,229,-7,-168,175,151,204,390,283,204,141
-82,204,287,-61,-185,246,180,253,556,439,341,253
14,312,297,-163,-141,305,156,253,673,644,536,419
219,492,273,-356,-26,383,9,107,732,873,785,644
458,644,185,-551,136,414,-185,-53,663,1068,1010,849
600,619,19,-610,290,319,-429,-351,370,1010,990,849
585,263,-322,-424,453,-29,-483,-600,-190,341,380,385
448,-131,-580,-158,514,-356,-492,-756,-839,-409,-287,-161
200,-405,-605,102,402,-505,-483,-976,-1278,-985,-741,-527
107,-512,-619,202,363,-566,-522,-995,-1385,-1117,-834,-600
73,-527,-600,226,336,-563,-488,-878,-1273,-1029,-800,-590
34,-492,-527,229,280,-509,-375,-697,-1088,-897,-717,-541
4,-351,-356,173,180,-353,-258,-507,-785,-663,-541,-409
9,-195,-204,92,107,-200,-195,-351,-483,-409,-331,-253
19,-92,-112,36,65,-102,-151,-234,-283,-234,-175,-141
24,-58,-82,17,53,-70,-117,-161,-195,-156,-122,-92
29,-53,-82,12,56,-68,-63,-97,-141,-117,-102,-73
-4,-53,-48,29,21,-51,-19,-39,-78,-78,-73,-53
-19,-48,-29,34,4,-39,-9,-14,-43,-48,-53,-39
-14,-39,-24,26,4,-31,-14,-9,-43,-43,-48,-39
-9,-39,-29,24,9,-34,-9,-4,-43,-43,-48,-43
-14,-39,-24,26,4,-31,0,4,-29,-34,-48,-34
-19,-29,-9,24,-4,-19,0,9,-19,-29,-43,-34
-19,-29,-9,24,-4,-19,4,9,-14,-19,-24,-34
-24,-24,0,24,-12,-12,14,14,-14,-19,-19,-29
-24,-24,0,24,-12,-12,14,9,-9,-19,-19,-24
-24,-24,0,24,-12,-12,14,4,-4,-19,-19,-24
-24,-24,0,24,-12,-12,14,9,-4,-14,-24,-24
-24,-24,0,24,-12,-12,14,9,-4,-14,-24,-24
-24,-24,0,24,-12,-12,14,14,0,-14,-24,-29
-24,-24,0,24,-12,-12,14,19,0,-9,-24,-34
-24,-24,0,24,-12,-12,14,24,4,-9,-24,-34
-24,-29,-4,26,-9,-17,14,29,4,-9,-24,-34
-29,-34,-4,31,-12,-19,19,34,0,-9,-19,-29
-34,-39,-4,36,-14,-21,24,39,-4,-9,-19,-19
-34,-39,-4,36,-14,-21,24,39,-4,-9,-19,-19
-34,-39,-4,36,-14,-21,24,39,-4,-9,-19,-19
-34,-34,0,34,-17,-17,19,34,-4,-9,-19,-19
-34,-29,4,31,-19,-12,19,34,-4,-9,-19,-19
-29,-29,0,29,-14,-14,19,39,-4,-9,-19,-19
-24,-29,-4,26,-9,-17,19,39,-4,-9,-19,-19
-24,-29,-4,26,-9,-17,19,43,-4,-9,-19,-19
-24,-34,-9,29,-7,-21,19,48,-4,-4,-19,-24
-24,-34,-9,29,-7,-21,19,48,-4,-4,-19,-24
-19,-34,-14,26,-2,-24,19,48,-4,-4,-19,-19
-24,-34,-9,29,-7,-21,19,48,-4,-4,-19,-19
-29,-29,0,29,-14,-14,19,48,-4,0,-19,-14
-29,-29,0,29,-14,-14,24,53,0,0,-19,-14
-29,-29,0,29,-14,-14,29,58,0,0,-14,-14
-29,-29,0,29,-14,-14,29,63,0,0,-14,-19
-24,-24,0,24,-12,-12,34,63,0,0,-14,-24
-24,-24,0,24,-12,-12,29,63,4,4,-9,-24
-24,-24,0,24,-12,-12,24,63,4,9,-9,-19
-19,-24,-4,21,-7,-14,24,68,4,9,-9,-19
-14,-19,-4,17,-4,-12,24,68,4,9,-9,-19
-14,-19,-4,17,-4,-12,29,73,4,9,-9,-19
-14,-19,-4,17,-4,-12,29,78,9,4,-9,-19
-14,-24,-9,19,-2,-17,29,82,14,4,-4,-19
-14,-29,-14,21,0,-21,34,87,14,4,-4,-14
-9,-29,-19,19,4,-24,34,92,14,9,-4,-14
-9,-24,-14,17,2,-19,34,92,24,14,0,-14
-4,-19,-14,12,4,-17,39,102,24,19,4,-4
-4,-14,-9,9,2,-12,39,112,24,19,4,0
-4,-14,-9,9,2,-12,39,117,24,19,4,0
-4,-14,-9,9,2,-12,39,126,29,24,9,0
-4,-9,-4,7,0,-7,43,131,39,24,9,0
0,-9,-9,4,4,-9,48,136,39,29,9,-4
0,-9,-9,4,4,-9,48,146,34,29,14,-4
0,-9,-9,4,4,-9,53,156,34,34,14,-4
0,-9,-9,4,4,-9,58,161,39,34,14,0
4,-9,-14,2,9,-12,63,175,43,39,19,0
14,0,-14,-7,14,-7,63,185,43,39,14,0
19,4,-14,-12,17,-4,68,195,48,43,9,0
19,4,-14,-12,17,-4,68,200,48,43,9,0
24,4,-19,-14,21,-7,78,209,53,43,9,0
24,0,-24,-12,24,-12,78,219,48,39,9,4
29,-4,-34,-12,31,-19,82,229,53,34,9,4
29,0,-29,-14,29,-14,82,234,53,34,9,0
29,0,-29,-14,29,-14,87,244,53,34,9,0
29,0,-29,-14,29,-14,87,248,53,34,4,0
29,-9,-39,-9,34,-24,92,253,53,39,4,0
34,-14,-48,-9,41,-31,92,253,43,34,4,-4
34,-19,-53,-7,43,-36,92,258,39,29,0,-4
43,-14,-58,-14,51,-36,92,263,39,14,-9,-9
53,-14,-68,-19,61,-41,92,263,39,4,-14,-19
53,-14,-68,-19,61,-41,87,263,39,4,-14,-19
53,-14,-68,-19,61,-41,82,263,39,4,-14,-19
58,-9,-68,-24,63,-39,73,244,39,9,-14,-14
58,-4,-63,-26,61,-34,68,234,34,14,-14,-9
53,-4,-58,-24,56,-31,58,209,34,9,-9,-9
48,-4,-53,-21,51,-29,53,195,39,14,0,-4
43,0,-43,-21,43,-21,43,170,39,19,0,4
39,0,-39,-19,39,-19,39,151,43,19,4,14
34,4,-29,-19,31,-12,29,122,48,19,4,4
24,14,-9,-19,17,2,19,102,53,29,9,0
24,14,-9,-19,17,2,19,82,53,29,9,0
19,9,-9,-14,14,0,14,63,58,24,9,0
14,9,-4,-12,9,2,9,53,48,19,9,0
0,9,9,-4,-4,9,9,43,43,19,9,0
-9,14,24,-2,-17,19,4,29,39,14,4,-4
-14,9,24,2,-19,17,4,19,34,4,4,-9
-14,9,24,2,-19,17,4,19,29,4,0,-14
-19,9,29,4,-24,19,0,9,24,-4,-9,-14
-24,4,29,9,-26,17,0,0,24,-4,-9,-14
-24,4,29,9,-26,17,0,-9,24,-9,-9,-19
-24,0,24,12,-24,12,0,-9,19,-9,-9,-14
-24,-4,19,14,-21,7,0,-9,19,-9,-9,-9
-29,-4,24,17,-26,9,0,-9,14,-4,-4,-9
-29,-4,24,17,-26,9,0,-9,14,0,-4,-9
-29,0,29,14,-29,14,4,-14,14,-4,-4,-9
-29,0,29,14,-29,14,4,-14,14,-9,-4,-14
-34,0,34,17,-34,17,4,-14,9,-9,-9,-14
-34,0,34,17,-34,17,4,-14,9,-9,-9,-14
-39,0,39,19,-39,19,4,-14,9,-14,-9,-14
-39,-4,34,21,-36,14,4,-14,9,-14,-9,-19
-39,-4,34,21,-36,14,4,-14,9,-19,-19,-19
-34,-4,29,19,-31,12,4,-19,9,-24,-24,-19
-34,-4,29,19,-31,12,4,-19,9,-24,-29,-19
-39,-4,34,21,-36,14,4,-19,9,-24,-34,-19
-39,-4,34,21,-36,14,4,-19,9,-24,-34,-24
-39,-4,34,21,-36,14,4,-19,9,-24,-34,-24
-34,-4,29,19,-31,12,4,-19,4,-19,-34,-19
-29,-4,24,17,-26,9,4,-19,4,-14,-29,-19
-29,0,29,14,-29,14,4,-19,9,-14,-24,-19
-29,0,29,14,-29,14,4,-19,9,-14,-19,-19
-34,-4,29,19,-31,12,4,-19,9,-14,-19,-19
-34,-9,24,21,-29,7,4,-19,9,-14,-19,-24
-34,-9,24,21,-29,7,4,-19,9,-14,-19,-24
-39,-9,29,24,-34,9,4,-19,4,-14,-19,-19
-39,-4,34,21,-36,14,4,-19,4,-14,-19,-14
-39,0,39,19,-39,19,4,-19,9,-14,-19,-9
-34,4,39,14,-36,21,4,-19,9,-9,-19,-9
-29,4,34,12,-31,19,4,-19,9,-9,-19,-9
-29,4,34,12,-31,19,4,-19,4,-9,-14,-4
-24,4,29,9,-26,17,4,-19,4,-9,-14,-4
-24,4,29,9,-26,17,0,-19,9,-9,-19,-4
-24,4,29,9,-26,17,0,-19,9,-9,-19,-4
-29,4,34,12,-31,19,0,-19,9,-4,-14,-4
-34,4,39,14,-36,21,0,-19,4,-4,-14,-4
-34,0,34,17,-34,17,4,-19,4,-14,-14,-9
-34,-4,29,19,-31,12,9,-19,4,-24,-14,-14
-34,-4,29,19,-31,12,9,-19,4,-14,-14,-9
-29,-4,24,17,-26,9,9,-24,4,-4,-19,-9
-29,-4,24,17,-26,9,4,-24,4,-4,-19,-9
-29,-4,24,17,-26,9,0,-24,4,-4,-19,-9
-29,-4,24,17,-26,9,-4,-24,4,-4,-19,-9
-29,-4,24,17,-26,9,-4,-29,4,-9,-19,-9
-24,-4,19,14,-21,7,0,-29,4,-14,-19,-9
-24,-4,19,14,-21,7,4,-24,4,-19,-24,-9
-24,0,24,12,-24,12,4,-24,4,-19,-24,-9
-24,4,29,9,-26,17,4,-24,4,-14,-19,-9
-29,4,34,12,-31,19,0,-29,9,-14,-19,-9
-29,4,34,12,-31,19,-4,-29,9,-14,-24,-9
-34,0,34,17,-34,17,-4,-29,9,-14,-24,-9
-39,-4,34,21,-36,14,-4,-29,4,-14,-24,-9
-34,-4,29,19,-31,12,-4,-29,4,-14,-19,-9
-34,-4,29,19,-31,12,-4,-29,4,-14,-14,-14
-34,-4,29,19,-31,12,-4,-29,4,-9,-14,-14
-39,-4,34,21,-36,14,-4,-29,4,-4,-14,-9
-34,-4,29,19,-31,12,-4,-29,4,-4,-9,-9
-29,-9,19,19,-24,4,-4,-29,4,-4,-4,-9
-29,-9,19,19,-24,4,-4,-29,4,-4,-4,-9
-29,-9,19,19,-24,4,-4,-34,0,-9,-4,-9
-29,-9,19,19,-24,4,-4,-34,0,-9,-4,-9
-29,-9,19,19,-24,4,-4,-29,0,-4,-4,-9
-29,-4,24,17,-26,9,-4,-29,4,-4,-4,-9
-29,-4,24,17,-26,9,-4,-29,4,-4,-4,-9
-29,-4,24,17,-26,9,-4,-29,0,-9,-9,-9
-29,-9,19,19,-24,4,-4,-29,0,-14,-14,-9
-29,-9,19,19,-24,4,-4,-29,0,-14,-14,-9
-29,-9,19,19,-24,4,-4,-34,0,-14,-14,-9
-34,-9,24,21,-29,7,-4,-34,0,-14,-14,-9
-39,-9,29,24,-34,9,-4,-34,0,-14,-14,-9
-39,-4,34,21,-36,14,-4,-34,0,-14,-14,-9
-39,-4,34,21,-36,14,-4,-34,0,-14,-14,-9
-39,-9,29,24,-34,9,0,-34,0,-14,-14,-9
-39,-9,29,24,-34,9,4,-34,0,-14,-14,-9
-39,-4,34,21,-36,14,4,-34,0,-14,-9,-14
-39,-4,34,21,-36,14,4,-34,0,-14,-9,-14
-39,-4,34,21,-36,14,0,-34,0,-14,-9,-9
-39,-4,34,21,-36,14,-4,-34,0,-14,-9,-9
-34,0,34,17,-34,17,-4,-34,0,-9,-9,-9
-34,4,39,14,-36,21,-4,-34,0,-4,-9,-9
-29,4,34,12,-31,19,-4,-34,0,-4,-9,-9
-24,4,29,9,-26,17,-4,-34,0,-9,-14,-9
-24,4,29,9,-26,17,-4,-34,0,-14,-14,-9
-29,4,34,12,-31,19,-4,-34,0,-14,-14,-9
-34,0,34,17,-34,17,-4,-34,0,-14,-14,-9
-39,-4,34,21,-36,14,-4,-34,0,-14,-9,-9
-29,0,29,14,-29,14,0,-29,0,-9,-9,-4
-19,0,19,9,-19,9,0,-29,0,-9,-9,0
-19,0,19,9,-19,9,0,-29,0,-9,-9,0
-19,0,19,9,-19,9,0,-29,0,-9,-9,0
-24,0,24,12,-24,12,0,-29,4,-19,-9,-9
-29,0,29,14,-29,14,0,-29,9,-29,-9,-19
-29,4,34,12,-31,19,0,-24,9,-9,0,-9
-29,9,39,9,-34,24,0,-19,9,9,9,0
-24,24,48,0,-36,36,4,-19,24,14,14,4
-19,39,58,-9,-39,48,9,-19,39,19,19,9
-14,39,53,-12,-34,46,14,-9,48,19,19,14
-9,39,48,-14,-29,43,19,0,58,19,19,19
-4,39,43,-17,-24,41,24,4,58,19,19,19
0,39,39,-19,-19,39,34,14,58,24,19,19
4,39,34,-21,-14,36,43,24,63,29,24,24
4,34,29,-19,-12,31,53,29,63,34,29,29
4,29,24,-17,-9,26,53,29,58,34,29,24
14,29,14,-21,0,21,43,29,48,34,29,24
24,29,4,-26,9,17,24,24,43,34,29,24
34,34,0,-34,17,17,-4,4,39,39,24,24
39,34,-4,-36,21,14,-34,-19,19,24,24,24
39,34,-4,-36,21,14,-39,-34,14,19,19,24
43,29,-14,-36,29,7,-39,-43,4,14,9,19
48,24,-24,-36,36,0,-39,-43,-4,9,9,19
53,19,-34,-36,43,-7,-39,-43,-9,9,9,24
53,0,-53,-26,53,-26,-34,-34,-19,-4,0,14
58,0,-58,-29,58,-29,-29,-29,-19,4,0,9
58,0,-58,-29,58,-29,-29,-24,-19,19,0,9
58,4,-53,-31,56,-24,-29,-24,-14,9,0,9
58,9,-48,-34,53,-19,-29,-29,-14,0,4,9
53,9,-43,-31,48,-17,-34,-34,-14,0,4,9
39,9,-29,-24,34,-9,-39,-34,-14,0,0,4
19,9,-9,-14,14,0,-29,-39,-14,-4,-4,4
-9,-4,4,7,-7,0,-19,-39,-14,-4,-9,0
-29,-14,14,21,-21,0,-9,-39,-14,-14,-14,-14
-29,-24,4,26,-17,-9,-9,-39,-19,-34,-29,-24
-34,-29,4,31,-19,-12,-9,-39,-19,-34,-34,-29
-34,-29,4,31,-19,-12,-4,-39,-19,-34,-34,-29
-39,-29,9,34,-24,-9,-4,-39,-19,-34,-29,-24
-39,-24,14,31,-26,-4,-4,-39,-19,-34,-29,-24
-39,-24,14,31,-26,-4,-4,-39,-19,-34,-29,-24
-39,-24,14,31,-26,-4,-4,-39,-19,-34,-29,-24
-34,-19,14,26,-24,-2,-4,-39,-19,-34,-24,-24
-34,-14,19,24,-26,2,-4,-39,-19,-34,-19,-24
-39,-14,24,26,-31,4,-4,-39,-14,-29,-19,-24
-39,-9,29,24,-34,9,-4,-39,-14,-24,-19,-24
-39,-14,24,26,-31,4,0,-39,-14,-24,-19,-24
-39,-19,19,29,-29,0,4,-39,-14,-24,-19,-24
-39,-19,19,29,-29,0,4,-39,-14,-29,-29,-24
-39,-19,19,29,-29,0,9,-39,-9,-29,-34,-24
-43,-9,34,26,-39,12,0,-34,-9,-19,-29,-19
-63,14,78,24,-70,46,4,-24,43,14,0,0
-97,48,146,24,-122,97,68,53,161,68,43,29
-117,102,219,7,-168,161,141,156,331,195,136,92
-122,195,317,-36,-219,256,185,214,512,346,268,200
-53,312,366,-129,-209,339,175,224,644,546,458,361
151,517,366,-334,-107,441,43,107,761,868,785,644
390,692,302,-541,43,497,-136,-24,751,1156,1088,907
575,707,131,-641,222,419,-414,-278,502,1205,1166,976
605,390,-214,-497,409,87,-502,-483,-14,644,653,580
492,-53,-546,-219,519,-300,-502,-644,-741,-219,-117,-39
268,-375,-644,53,456,-509,-483,-868,-1259,-907,-673,-478
151,-497,-649,173,400,-573,-531,-927,-1410,-1093,-800,-575
92,-527,-619,217,356,-573,-507,-849,-1342,-1058,-800,-590
58,-502,-561,222,309,-531,-400,-688,-1161,-941,-732,-551
34,-370,-405,168,219,-387,-287,-517,-863,-722,-570,-429
34,-200,-234,82,134,-217,-219,-366,-536,-453,-361,-273
39,-82,-122,21,80,-102,-170,-253,-312,-263,-204,-161
39,-53,-92,7,65,-73,-136,-175,-214,-175,-136,-107
39,-53,-92,7,65,-73,-82,-107,-151,-126,-102,-82
4,-53,-58,24,31,-56,-34,-48,-87,-87,-78,-68
-9,-48,-39,29,14,-43,-19,-24,-53,-58,-63,-58
-9,-43,-34,26,12,-39,-19,-19,-48,-48,-53,-53
-9,-48,-39,29,14,-43,-9,-14,-43,-43,-48,-53
-14,-48,-34,31,9,-41,0,-4,-29,-34,-48,-43
-19,-39,-19,29,0,-29,0,0,-19,-29,-43,-43
-19,-34,-14,26,-2,-24,0,0,-14,-19,-29,-43
-24,-24,0,24,-12,-12,4,4,-14,-19,-29,-39
-24,-24,0,24,-12,-12,9,9,-4,-19,-29,-29
-24,-24,0,24,-12,-12,14,14,4,-19,-29,-24
-24,-24,0,24,-12,-12,14,19,4,-14,-29,-24
-24,-24,0,24,-12,-12,14,19,4,-14,-24,-24
-24,-24,0,24,-12,-12,14,19,0,-19,-24,-24
-24,-24,0,24,-12,-12,14,19,-9,-19,-24,-24
-24,-19,4,21,-14,-7,14,19,-4,-19,-24,-24
-24,-19,4,21,-14,-7,14,19,-4,-19,-24,-24
-24,-19,4,21,-14,-7,14,24,-4,-19,-19,-24
-24,-19,4,21,-14,-7,14,29,-4,-19,-19,-19
-24,-19,4,21,-14,-7,14,29,-4,-19,-24,-19
-24,-19,4,21,-14,-7,14,29,-4,-19,-29,-19
-24,-24,0,24,-12,-12,14,29,0,-19,-29,-24
-24,-29,-4,26,-9,-17,19,34,4,-19,-29,-29
-24,-29,-4,26,-9,-17,19,34,4,-19,-29,-29
-24,-29,-4,26,-9,-17,19,29,4,-19,-29,-29
-24,-29,-4,26,-9,-17,19,34,4,-19,-29,-29
-24,-34,-9,29,-7,-21,19,39,4,-14,-29,-34
-24,-34,-9,29,-7,-21,19,39,4,-14,-29,-34
-19,-34,-14,26,-2,-24,19,39,4,-14,-29,-29
-14,-34,-19,24,2,-26,19,39,4,-14,-29,-29
-9,-29,-19,19,4,-24,19,39,4,-9,-29,-24
-9,-29,-19,19,4,-24,19,43,9,-9,-29,-24
-9,-29,-19,19,4,-24,19,48,9,-9,-24,-24
-14,-29,-14,21,0,-21,19,53,4,-4,-19,-24
-14,-24,-9,19,-2,-17,24,53,0,0,-14,-24
-14,-24,-9,19,-2,-17,24,53,4,4,-9,-24
-14,-24,-9,19,-2,-17,24,53,4,9,-9,-19
-9,-24,-14,17,2,-19,24,58,9,4,-9,-19
-4,-19,-14,12,4,-17,24,58,14,0,-9,-19
-4,-14,-9,9,2,-12,29,63,14,4,-9,-19
-4,-9,-4,7,0,-7,29,68,19,4,-9,-19
-4,-9,-4,7,0,-7,29,73,24,0,-9,-19
-4,-9,-4,7,0,-7,34,78,24,-4,-14,-14
0,-9,-9,4,4,-9,34,82,24,0,-14,-14
0,-4,-4,2,2,-4,34,82,34,4,-9,-14
4,-4,-9,0,7,-7,39,92,34,14,-4,-9
4,-4,-9,0,7,-7,39,102,34,19,-4,-9
4,-4,-9,0,7,-7,39,102,34,19,-4,-9
4,-4,-9,0,7,-7,39,107,39,24,0,-9
9,0,-9,-4,9,-4,43,112,53,24,0,-4
19,0,-19,-9,19,-9,48,117,58,29,0,-4
19,0,-19,-9,19,-9,43,126,58,29,4,-4
19,0,-19,-9,19,-9,43,136,63,34,4,-4
19,0,-19,-9,19,-9,48,136,63,34,9,0
24,0,-24,-12,24,-12,53,146,63,39,19,0
29,4,-24,-17,26,-9,53,156,63,39,19,0
29,4,-24,-17,26,-9,58,165,68,43,19,0
29,0,-29,-14,29,-14,58,170,68,43,14,0
34,-4,-39,-14,36,-21,68,180,73,43,9,0
34,-4,-39,-14,36,-21,68,190,68,34,4,0
39,-4,-43,-17,41,-24,73,200,73,24,0,-4
39,0,-39,-19,39,-19,73,204,68,24,0,-9
39,0,-39,-19,39,-19,78,214,63,24,0,-9
39,0,-39,-19,39,-19,82,219,63,19,-4,-9
39,-9,-48,-14,43,-29,92,224,63,19,-4,-9
43,-9,-53,-17,48,-31,92,224,58,14,-4,-14
43,-9,-53,-17,48,-31,92,229,58,9,-9,-14
48,-4,-53,-21,51,-29,92,234,58,4,-19,-14
53,-4,-58,-24,56,-31,92,234,58,4,-24,-19
53,-4,-58,-24,56,-31,87,234,58,4,-24,-19
53,-4,-58,-24,56,-31,82,234,58,4,-24,-19
58,-4,-63,-26,61,-34,78,219,58,4,-24,-19
58,-4,-63,-26,61,-34,78,214,53,4,-24,-19
58,-4,-63,-26,61,-34,68,190,53,0,-24,-19
58,-4,-63,-26,61,-34,63,175,58,4,-19,-14
53,0,-53,-26,53,-26,53,151,53,9,-14,-14
48,0,-48,-24,48,-24,48,131,53,9,-4,-14
39,0,-39,-19,39,-19,39,112,58,9,-4,-14
24,4,-19,-14,21,-7,29,102,63,19,0,-9
24,4,-19,-14,21,-7,29,82,58,19,0,-4
19,0,-19,-9,19,-9,24,63,58,14,0,0
24,4,-19,-14,21,-7,14,48,48,9,0,0
19,9,-9,-14,14,0,9,34,43,9,0,0
9,9,0,-9,4,4,4,19,39,9,-4,0
4,0,-4,-2,4,-2,4,9,34,4,-4,0
4,0,-4,-2,4,-2,4,9,29,4,-4,-4
0,0,0,0,0,0,0,0,24,-4,-9,-4
-4,-4,0,4,-2,-2,0,-4,24,-4,-9,-4
-4,-4,0,4,-2,-2,0,-9,24,-9,-9,-9
-9,-4,4,7,-7,0,0,-9,19,-4,-9,-9
-14,-4,9,9,-12,2,0,-9,19,0,-9,-9
-19,-4,14,12,-17,4,0,-9,19,0,-9,-9
-19,-4,14,12,-17,4,0,-9,24,0,-14,-9
-19,-4,14,12,-17,4,4,-14,24,-4,-14,-9
-19,-9,9,14,-14,0,4,-14,24,-9,-14,-14
-24,-9,14,17,-19,2,4,-14,19,-9,-19,-14
-24,-9,14,17,-19,2,4,-14,19,-9,-19,-14
-29,-4,24,17,-26,9,4,-14,19,-14,-19,-14
-29,-4,24,17,-26,9,4,-14,19,-14,-19,-19
-29,-4,24,17,-26,9,4,-14,19,-14,-24,-19
-24,-4,19,14,-21,7,4,-19,19,-14,-24,-19
-24,-9,14,17,-19,2,4,-19,19,-14,-24,-19
-29,-14,14,21,-21,0,4,-19,19,-14,-24,-19
-29,-14,14,21,-21,0,4,-19,19,-14,-24,-24
-29,-14,14,21,-21,0,4,-19,19,-14,-24,-24
-29,-14,14,21,-21,0,4,-14,14,-14,-24,-19
-29,-14,14,21,-21,0,4,-9,14,-14,-19,-19
-29,-9,19,19,-24,4,4,-9,19,-14,-19,-19
-29,-9,19,19,-24,4,4,-9,19,-14,-19,-19
-34,-4,29,19,-31,12,4,-14,9,-14,-19,-19
-34,0,34,17,-34,17,4,-19,0,-14,-19,-24
-29,0,29,14,-29,14,4,-19,9,-14,-14,-24
-29,0,29,14,-29,14,4,-19,14,-14,-9,-19
-24,0,24,12,-24,12,4,-19,14,-14,-9,-19
-19,0,19,9,-19,9,4,-19,19,-14,-9,-19
-19,4,24,7,-21,14,4,-19,19,-9,-9,-19
-19,4,24,7,-21,14,4,-19,19,-9,-9,-19
-19,4,24,7,-21,14,4,-19,14,-9,-4,-14
-14,4,19,4,-17,12,4,-19,14,-9,-4,-14
-14,4,19,4,-17,12,0,-19,19,-9,-9,-14
-14,4,19,4,-17,12,0,-19,19,-9,-9,-14
-19,0,19,9,-19,9,0,-19,19,-4,-4,-14
-24,-4,19,14,-21,7,0,-19,14,-4,-4,-14
-29,-9,19,19,-24,4,0,-19,14,-9,-9,-14
-34,-14,19,24,-26,2,0,-19,14,-14,-14,-14
-39,-14,24,26,-31,4,0,-19,9,-14,-14,-9
-39,-14,24,26,-31,4,0,-24,4,-14,-19,-9
-34,-9,24,21,-29,7,4,-24,4,-14,-14,-9
-29,-4,24,17,-26,9,9,-24,4,-14,-9,-9
-29,-4,24,17,-26,9,4,-24,4,-9,-9,-9
-29,-4,24,17,-26,9,4,-29,4,-9,-9,-9
-24,-4,19,14,-21,7,4,-29,4,-9,-4,-9
-24,-4,19,14,-21,7,4,-24,4,-9,-4,-9
-24,-4,19,14,-21,7,4,-24,4,-9,-9,-9
-24,-4,19,14,-21,7,4,-24,4,-4,-9,-9
-29,-4,24,17,-26,9,4,-29,9,-4,-9,-9
-29,-4,24,17,-26,9,4,-29,9,-4,-14,-9
-29,-4,24,17,-26,9,4,-29,9,-4,-14,-9
-29,-4,24,17,-26,9,4,-29,4,-4,-14,-9
-24,-4,19,14,-21,7,4,-29,4,-4,-14,-9
-24,-4,19,14,-21,7,4,-29,4,-4,-14,-14
-24,-4,19,14,-21,7,0,-29,4,-4,-14,-14
-29,-4,24,17,-26,9,-4,-29,4,-4,-14,-9
-29,-4,24,17,-26,9,-4,-29,4,-4,-14,-9
-29,-9,19,19,-24,4,-4,-29,4,-4,-14,-9
-29,-9,19,19,-24,4,-4,-29,4,-4,-14,-9
-29,-9,19,19,-24,4,-4,-34,0,-9,-14,-9
-29,-9,19,19,-24,4,-4,-34,0,-9,-14,-9
-29,-9,19,19,-24,4,-4,-29,0,-4,-14,-9
-29,-4,24,17,-26,9,-4,-29,4,-4,-14,-9
-29,-4,24,17,-26,9,-4,-29,4,-4,-14,-9
-29,-4,24,17,-26,9,-4,-29,0,-4,-14,-9
-29,-9,19,19,-24,4,-4,-29,0,-4,-14,-9
-29,-9,19,19,-24,4,-4,-29,0,-4,-14,-9
-29,-9,19,19,-24,4,-4,-34,0,-4,-14,-9
-29,-9,19,19,-24,4,-4,-34,0,-4,-14,-9
-29,-9,19,19,-24,4,-4,-34,0,-4,-14,-9
-29,0,29,14,-29,14,-4,-34,0,-4,-14,-9
-29,4,34,12,-31,19,-4,-34,0,-4,-14,-9
-29,0,29,14,-29,14,-4,-34,0,-4,-9,-4
-29,0,29,14,-29,14,-4,-34,0,-4,-4,0
-29,4,34,12,-31,19,-4,-29,4,-4,0,-4
-29,4,34,12,-31,19,-4,-24,9,-4,0,-4
-29,0,29,14,-29,14,-4,-24,9,-4,0,0
-29,-4,24,17,-26,9,-4,-24,9,-4,0,0
-24,-4,19,14,-21,7,-4,-29,4,-4,0,0
-24,-4,19,14,-21,7,-4,-34,0,-4,0,0
-24,-4,19,14,-21,7,-4,-34,0,-4,0,-4
-24,-4,19,14,-21,7,-4,-34,0,-9,-4,-9
-24,-4,19,14,-21,7,-4,-29,0,-9,-9,-9
-29,-4,24,17,-26,9,-4,-24,0,-4,-14,-9
-29,-4,24,17,-26,9,-4,-24,0,-4,-14,-9
-29,-4,24,17,-26,9,-4,-24,0,-4,-9,-9
-29,0,29,14,-29,14,0,-24,4,0,-4,-4
-29,0,29,14,-29,14,0,-29,9,0,0,0
-34,0,34,17,-34,17,0,-29,9,0,0,0
-39,0,39,19,-39,19,0,-29,9,0,0,0
-39,0,39,19,-39,19,0,-29,9,0,0,0
-39,0,39,19,-39,19,0,-29,9,0,0,0
-34,9,43,12,-39,26,0,-24,14,4,4,0
-29,19,48,4,-39,34,0,-19,19,9,9,0
-19,24,43,-2,-31,34,4,-14,39,19,14,9
-9,29,39,-9,-24,34,9,-9,58,29,19,19
-4,39,43,-17,-24,41,9,-4,63,34,29,29
0,43,43,-21,-21,43,14,0,63,39,34,34
4,48,43,-26,-19,46,19,4,68,43,39,39
4,48,43,-26,-19,46,29,14,73,43,39,39
0,43,43,-21,-21,43,43,24,78,43,39,34
-4,34,39,-14,-21,36,53,29,78,43,39,24
4,24,19,-14,-7,21,43,34,68,43,39,24
14,19,4,-17,4,12,24,34,58,39,39,24
24,24,0,-24,12,12,-4,14,48,39,34,29
29,24,-4,-26,17,9,-34,-9,29,24,34,34
34,29,-4,-31,19,12,-43,-24,24,19,29,34
43,34,-9,-39,26,12,-48,-34,14,14,19,29
48,34,-14,-41,31,9,-48,-39,0,9,19,29
53,34,-19,-43,36,7,-48,-43,-4,9,19,29
53,19,-34,-36,43,-7,-43,-34,-9,-4,9,14
58,19,-39,-39,48,-9,-39,-29,-9,-4,9,9
58,19,-39,-39,48,-9,-39,-24,-9,0,9,9
58,19,-39,-39,48,-9,-39,-24,-4,0,9,14
63,24,-39,-43,51,-7,-39,-29,-4,0,19,19
63,29,-34,-46,48,-2,-39,-34,-4,0,24,19
48,29,-19,-39,34,4,-43,-34,-4,0,19,14
29,29,0,-29,14,14,-39,-39,-4,-4,14,14
0,14,14,-7,-7,14,-29,-39,-4,-4,9,9
-19,4,24,7,-21,14,-19,-39,-4,-9,4,-4
-24,-9,14,17,-19,2,-14,-39,-9,-24,-14,-19
-34,-19,14,26,-24,-2,-9,-39,-9,-24,-24,-29
-34,-19,14,26,-24,-2,-4,-39,-14,-24,-24,-29
-39,-19,19,29,-29,0,-4,-39,-19,-24,-19,-24
-39,-14,24,26,-31,4,-4,-39,-19,-29,-19,-24
-39,-14,24,26,-31,4,-4,-39,-19,-34,-19,-24
-39,-19,19,29,-29,0,-4,-39,-19,-34,-19,-24
-34,-24,9,29,-21,-7,-4,-39,-19,-34,-19,-24
-34,-24,9,29,-21,-7,-4,-39,-19,-34,-24,-24
-39,-24,14,31,-26,-4,-4,-39,-14,-34,-29,-24
-39,-14,24,26,-31,4,-4,-39,-14,-34,-29,-24
-39,-9,29,24,-34,9,-4,-39,-14,-34,-29,-24
-39,-9,29,24,-34,9,-4,-39,-14,-34,-29,-24
-39,-9,29,24,-34,9,-4,-39,-14,-34,-29,-24
-39,-19,19,29,-29,0,-4,-43,-24,-34,-29,-29
-43,-19,24,31,-34,2,-9,-43,-29,-29,-29,-29
-63,-9,53,36,-58,21,-4,-58,0,-24,-24,-29
-92,19,112,36,-102,65,39,-9,82,4,-4,-9
-131,68,200,31,-165,134,122,107,263,112,58,39
-146,146,292,0,-219,219,170,175,444,258,180,131
-117,263,380,-73,-248,322,190,209,614,478,380,287
34,453,419,-244,-192,436,87,126,736,761,658,522
331,751,419,-541,-43,585,-141,34,829,1254,1156,941
546,844,297,-695,124,570,-419,-161,683,1454,1381,1132
619,458,-161,-539,390,148,-492,-336,122,849,805,683
590,39,-551,-314,570,-256,-512,-468,-551,97,126,136
351,-336,-688,-7,519,-512,-497,-732,-1195,-761,-541,-375
224,-531,-756,153,490,-644,-531,-849,-1493,-1141,-824,-590
170,-585,-756,207,463,-671,-492,-805,-1444,-1117,-844,-624
117,-585,-702,234,409,-644,-400,-692,-1298,-1034,-805,-610
68,-439,-507,185,287,-473,-297,-536,-971,-800,-629,-488
48,-283,-331,117,190,-307,-234,-390,-653,-546,-429,-341
43,-156,-200,56,122,-178,-185,-278,-400,-331,-258,-204
39,-92,-131,26,85,-112,-146,-200,-253,-204,-165,-126
39,-78,-117,19,78,-97,-87,-131,-180,-151,-126,-97
4,-68,-73,31,39,-70,-39,-68,-107,-107,-92,-73
-14,-58,-43,36,14,-51,-24,-39,-63,-68,-63,-53
-19,-48,-29,34,4,-39,-19,-29,-48,-48,-43,-43
-19,-39,-19,29,0,-29,-9,-24,-39,-43,-39,-43
-24,-29,-4,26,-9,-17,0,-14,-19,-34,-39,-34
-29,-19,9,24,-19,-4,0,-9,-9,-29,-34,-34
-29,-19,9,24,-19,-4,0,-9,-4,-19,-19,-34
-34,-19,14,26,-24,-2,4,-4,-4,-19,-19,-29
-34,-24,9,29,-21,-7,4,-4,0,-19,-19,-24
-34,-24,9,29,-21,-7,4,-4,0,-19,-19,-19
-34,-24,9,29,-21,-7,4,0,-4,-14,-19,-14
-34,-24,9,29,-21,-7,4,4,-4,-14,-14,-14
-34,-24,9,29,-21,-7,4,9,0,-14,-14,-14
-34,-19,14,26,-24,-2,4,9,0,-9,-14,-14
-34,-9,24,21,-29,7,4,9,4,-9,-14,-14
-34,-9,24,21,-29,7,4,9,4,-9,-14,-14
-34,-9,24,21,-29,7,9,14,4,-9,-9,-14
-34,-9,24,21,-29,7,9,19,4,-9,-9,-9
-34,-9,24,21,-29,7,4,19,4,-9,-9,-9
-34,-9,24,21,-29,7,4,19,9,-4,-9,-9
-34,-9,24,21,-29,7,4,19,14,0,-9,-9
-34,-9,24,21,-29,7,14,24,14,0,-9,-9
-34,-9,24,21,-29,7,19,29,14,0,-9,-9
-34,-9,24,21,-29,7,19,29,14,-4,-9,-9
-34,-9,24,21,-29,7,19,34,14,-9,-9,-9
-34,-14,19,24,-26,2,24,39,19,-4,-9,-14
-34,-14,19,24,-26,2,29,39,24,-4,-9,-14
-29,-14,14,21,-21,0,29,39,24,-4,-9,-14
-29,-14,14,21,-21,0,29,39,24,-4,-9,-19
-29,-9,19,19,-24,4,24,39,24,0,-9,-14
-29,-9,19,19,-24,4,19,43,29,0,-9,-14
-29,-14,14,21,-21,0,19,43,29,0,-4,-14
-29,-19,9,24,-19,-4,19,43,29,0,-4,-14
-24,-14,9,19,-17,-2,24,43,29,4,-4,-14
-24,-14,9,19,-17,-2,24,43,34,14,0,-14
-24,-14,9,19,-17,-2,24,48,34,19,4,-9
-24,-14,9,19,-17,-2,24,58,39,19,9,-9
-24,-9,14,17,-19,2,24,58,39,19,9,-9
-24,-9,14,17,-19,2,29,63,34,24,9,-9
-24,-4,19,14,-21,7,29,63,39,24,9,-9
-24,0,24,12,-24,12,29,63,43,24,14,-9
-24,0,24,12,-24,12,34,68,43,19,14,-4
-19,0,19,9,-19,9,34,73,43,19,14,-4
-19,9,29,4,-24,19,34,73,53,24,14,-4
-14,14,29,0,-21,21,39,82,53,29,14,0
-14,14,29,0,-21,21,39,87,53,29,14,0
-14,14,29,0,-21,21,39,87,53,29,14,0
-14,14,29,0,-21,21,39,97,58,34,19,0
-14,19,34,-2,-24,26,43,102,68,34,19,4
-9,19,29,-4,-19,24,48,112,73,43,19,9
-9,19,29,-4,-19,24,48,126,78,48,24,14
-9,19,29,-4,-19,24,53,136,82,53,24,14
-9,19,29,-4,-19,24,58,141,87,53,24,19
-4,14,19,-4,-12,17,68,156,92,58,29,19
0,14,14,-7,-7,14,73,165,92,58,29,19
0,14,14,-7,-7,14,78,175,97,63,29,19
0,14,14,-7,-7,14,78,180,97,63,29,19
0,14,14,-7,-7,14,87,190,102,58,29,19
-4,14,19,-4,-12,17,87,200,102,53,29,24
0,14,14,-7,-7,14,92,209,112,53,29,24
0,19,19,-9,-9,19,92,214,112,53,29,19
0,19,19,-9,-9,19,97,224,112,58,29,19
4,19,14,-12,-4,17,97,229,112,58,24,19
9,14,4,-12,2,9,102,234,112,58,24,19
14,19,4,-17,4,12,102,234,107,53,24,14
14,19,4,-17,4,12,102,239,107,48,24,14
19,24,4,-21,7,14,102,244,107,43,19,14
24,14,-9,-19,17,2,102,244,107,39,14,9
24,4,-19,-14,21,-7,97,239,107,34,14,9
24,4,-19,-14,21,-7,97,239,107,34,14,9
29,4,-24,-17,26,-9,92,224,107,34,14,9
29,9,-19,-19,24,-4,87,214,102,39,14,9
29,14,-14,-21,21,0,78,190,97,34,14,9
29,14,-14,-21,21,0,68,175,97,34,19,14
24,19,-4,-21,14,7,53,151,92,39,19,14
24,19,-4,-21,14,7,48,136,92,34,19,14
24,19,-4,-21,14,7,39,117,87,29,14,14
14,24,9,-19,2,17,29,102,82,39,19,19
14,24,9,-19,2,17,29,82,78,39,19,19
9,19,9,-14,0,14,24,63,78,39,19,19
9,19,9,-14,0,14,19,53,68,39,19,19
0,19,19,-9,-9,19,14,43,63,39,19,19
-9,19,29,-4,-19,24,4,29,58,34,14,14
-14,4,19,4,-17,12,4,19,53,24,19,9
-14,0,14,7,-14,7,4,19,48,24,19,4
-19,0,19,9,-19,9,0,9,39,14,9,4
-24,-4,19,14,-21,7,0,4,34,14,9,4
-24,-4,19,14,-21,7,0,-4,34,4,9,0
-24,-4,19,14,-21,7,0,-9,29,0,9,0
-24,-4,19,14,-21,7,0,-9,24,0,4,-4
-29,-4,24,17,-26,9,0,-9,14,0,0,-9
-29,-4,24,17,-26,9,0,-9,14,0,-4,-9
-29,-4,24,17,-26,9,4,-14,14,-4,-4,-9
-29,-9,19,19,-24,4,4,-14,14,-4,-4,-14
-34,-9,24,21,-29,7,4,-14,9,0,-9,-14
-34,-9,24,21,-29,7,4,-14,9,0,-9,-14
-39,-9,29,24,-34,9,4,-14,9,-4,-9,-14
-39,-9,29,24,-34,9,4,-14,9,-4,-4,-14
-39,-4,34,21,-36,14,4,-14,9,-4,-4,-9
-34,-4,29,19,-31,12,4,-19,9,-4,-4,-9
-34,-4,29,19,-31,12,4,-19,9,-4,-4,-9
-39,-4,34,21,-36,14,4,-19,9,-4,-4,-9
-39,-4,34,21,-36,14,4,-19,9,-4,-4,-14
-39,-9,29,24,-34,9,4,-19,9,-4,-9,-14
-39,-14,24,26,-31,4,4,-19,4,-4,-14,-9
-39,-14,24,26,-31,4,4,-19,4,-4,-9,-9
-39,-9,29,24,-34,9,4,-19,9,-4,-9,-9
-39,-9,29,24,-34,9,4,-19,9,-4,-9,-9
-43,-9,34,26,-39,12,4,-19,9,-4,-9,-9
-43,-9,34,26,-39,12,4,-19,14,-4,-9,-14
-39,-9,29,24,-34,9,4,-19,19,-4,-9,-14
-39,-9,29,24,-34,9,4,-19,14,-4,-9,-4
-39,-9,29,24,-34,9,4,-19,14,-4,-9,0
-39,-9,29,24,-34,9,4,-19,19,-4,-9,0
-39,-4,34,21,-36,14,4,-19,19,0,-9,0
-39,0,39,19,-39,19,4,-19,19,-4,-9,-4
-39,4,43,17,-41,24,4,-19,14,-9,-4,-4
-34,4,39,14,-36,21,4,-19,14,-9,-4,-4
-34,4,39,14,-36,21,0,-19,19,-9,-9,-4
-34,0,34,17,-34,17,0,-19,19,-9,-9,-4
-34,-4,29,19,-31,12,0,-19,19,-4,-4,-4
-34,-4,29,19,-31,12,0,-19,14,-4,-4,-4
-34,-4,29,19,-31,12,0,-19,14,-4,-4,-4
-34,-4,29,19,-31,12,0,-19,14,-4,-4,-4
-39,-4,34,21,-36,14,0,-19,14,-4,-4,0
-39,0,39,19,-39,19,0,-24,9,-4,-9,0
-39,4,43,17,-41,24,0,-24,4,-4,-9,0
-39,4,43,17,-41,24,0,-24,4,-4,-9,0
-39,4,43,17,-41,24,-4,-24,4,-4,-9,0
-39,4,43,17,-41,24,-4,-29,4,-9,-9,0
-34,4,39,14,-36,21,-4,-29,4,-9,-4,0
-29,4,34,12,-31,19,-4,-24,4,-9,-4,0
-24,4,29,9,-26,17,-4,-24,4,-9,-4,0
-24,4,29,9,-26,17,-4,-24,4,-4,0,0
-29,4,34,12,-31,19,-4,-29,9,-4,0,0
-29,4,34,12,-31,19,-4,-29,9,-4,-4,0
-29,4,34,12,-31,19,-4,-29,9,-4,-4,0
-29,4,34,12,-31,19,-4,-29,4,-4,-4,0
-24,4,29,9,-26,17,-4,-29,4,-4,-4,0
-24,4,29,9,-26,17,-4,-29,4,-4,-4,-4
-24,4,29,9,-26,17,-4,-29,4,-4,-4,-4
-29,4,34,12,-31,19,-4,-29,4,-4,-4,-4
-29,4,34,12,-31,19,-4,-29,4,-4,-4,-9
-34,0,34,17,-34,17,-4,-29,4,-4,-4,-9
-39,0,39,19,-39,19,-4,-29,4,-4,-4,-9
-39,0,39,19,-39,19,-9,-34,0,-9,-4,-9
-39,0,39,19,-39,19,-14,-34,0,-9,-4,-9
-39,0,39,19,-39,19,-14,-34,0,-4,-4,-9
-39,4,43,17,-41,24,-14,-39,4,-4,-4,-9
-39,4,43,17,-41,24,-9,-39,4,-4,-4,-9
-39,4,43,17,-41,24,-4,-39,0,-4,-4,-9
-39,0,39,19,-39,19,-4,-34,0,-4,-4,-9
-39,0,39,19,-39,19,-4,-29,0,-4,-4,-9
-39,0,39,19,-39,19,-9,-34,0,-4,-4,-9
-39,0,39,19,-39,19,-14,-34,0,-4,-4,-9
-34,0,34,17,-34,17,-14,-34,-4,-4,-4,-9
-29,4,34,12,-31,19,-14,-34,-9,-4,-4,-9
-29,4,34,12,-31,19,-14,-34,-9,-4,-4,-9
-29,0,29,14,-29,14,-14,-34,-9,-4,-4,-9
-29,0,29,14,-29,14,-9,-34,-9,-4,-4,-9
-29,4,34,12,-31,19,-4,-34,-9,-4,0,-14
-29,4,34,12,-31,19,-4,-34,-9,-4,0,-14
-29,4,34,12,-31,19,-4,-34,-9,-4,0,-9
-29,4,34,12,-31,19,-4,-34,-9,-4,-4,-4
-24,4,29,9,-26,17,-4,-34,-9,-4,-9,0
-29,4,34,12,-31,19,-4,-34,-9,-4,-9,0
-34,4,39,14,-36,21,-4,-34,-9,-4,-9,0
-34,4,39,14,-36,21,-4,-34,-9,-9,-9,0
-34,4,39,14,-36,21,-4,-34,-9,-9,-4,0
-39,4,43,17,-41,24,-9,-34,-9,-4,-4,-4
-39,4,43,17,-41,24,-14,-34,-9,-4,0,-9
-34,4,39,14,-36,21,-9,-34,-9,0,0,-4
-34,9,43,12,-39,26,-9,-39,-9,0,0,0
-34,9,43,12,-39,26,-9,-39,-4,0,0,0
-39,9,48,14,-43,29,-9,-39,0,0,0,0
-39,9,48,14,-43,29,-9,-39,0,-4,0,-4
-39,9,48,14,-43,29,-9,-39,0,-9,0,-9
-34,9,43,12,-39,26,-9,-39,0,-9,0,-9
-29,9,39,9,-34,24,-9,-39,0,-9,0,-9
-29,14,43,7,-36,29,-4,-34,4,0,4,-4
-29,19,48,4,-39,34,0,-29,9,9,9,0
-24,34,58,-4,-41,46,4,-24,24,14,19,9
-19,48,68,-14,-43,58,9,-19,39,19,29,19
-14,48,63,-17,-39,56,9,-14,43,29,34,24
-9,48,58,-19,-34,53,14,-9,48,34,34,29
-4,48,53,-21,-29,51,19,-4,53,43,39,34
-4,48,53,-21,-29,51,29,4,63,43,39,39
-4,43,48,-19,-26,46,39,14,68,43,39,39
-4,34,39,-14,-21,36,43,19,68,43,39,34
4,29,24,-17,-9,26,39,24,58,43,39,34
14,29,14,-21,0,21,24,24,48,39,39,34
24,34,9,-29,7,21,-4,4,39,39,34,34
29,34,4,-31,12,19,-34,-19,19,24,34,34
29,34,4,-31,12,19,-43,-39,14,19,29,34
34,34,0,-34,17,17,-48,-53,4,14,19,29
39,34,-4,-36,21,14,-48,-53,-9,9,19,29
43,34,-9,-39,26,12,-48,-53,-14,9,19,29
43,19,-24,-31,34,-2,-43,-43,-24,-4,9,9
48,19,-29,-34,39,-4,-39,-39,-29,-4,9,0
48,19,-29,-34,39,-4,-39,-29,-29,0,9,0
48,19,-29,-34,39,-4,-39,-24,-24,0,9,4
58,19,-39,-39,48,-9,-39,-29,-19,4,19,14
63,19,-43,-41,53,-12,-39,-34,-14,9,24,19
58,24,-34,-41,46,-4,-43,-34,-14,9,19,14
48,29,-19,-39,34,4,-39,-39,-14,4,14,14
9,14,4,-12,2,9,-29,-39,-14,4,9,9
-19,4,24,7,-21,14,-19,-39,-14,0,4,-4
-24,-9,14,17,-19,2,-19,-43,-24,-19,-14,-14
-34,-19,14,26,-24,-2,-19,-48,-29,-24,-24,-19
-39,-24,14,31,-26,-4,-14,-48,-29,-24,-24,-24
-48,-29,19,39,-34,-4,-14,-48,-29,-24,-19,-24
-48,-24,24,36,-36,0,-14,-48,-29,-24,-19,-24
-48,-24,24,36,-36,0,-14,-48,-29,-24,-19,-24
-48,-24,24,36,-36,0,-14,-48,-29,-24,-24,-24
-43,-24,19,34,-31,-2,-14,-48,-29,-24,-29,-24
-43,-24,19,34,-31,-2,-14,-48,-29,-24,-29,-24
-48,-24,24,36,-36,0,-14,-48,-24,-24,-29,-24
-48,-19,29,34,-39,4,-9,-43,-24,-24,-29,-24
-48,-19,29,34,-39,4,-4,-39,-24,-24,-29,-24
-48,-19,29,34,-39,4,-4,-39,-24,-24,-29,-24
-48,-19,29,34,-39,4,-4,-39,-24,-24,-29,-24
-39,-24,14,31,-26,-4,-4,-43,-29,-29,-29,-29
-34,-19,14,26,-24,-2,-9,-43,-29,-29,-29,-29
-53,-9,43,31,-48,17,-14,-63,-19,-29,-24,-29
-82,19,102,31,-92,61,19,-19,43,-4,-4,-9
-131,63,195,34,-163,129,112,97,224,92,48,29
-156,136,292,9,-224,214,170,165,405,229,161,112
-136,239,375,-51,-256,307,204,219,585,429,341,253
4,414,409,-209,-202,412,117,156,717,692,600,473
312,736,424,-524,-56,580,-102,68,854,1224,1122,917
536,854,317,-695,109,585,-370,-122,751,1464,1371,1132
629,492,-136,-561,383,178,-458,-307,209,907,844,722
619,97,-522,-358,570,-212,-492,-448,-444,204,214,214
366,-312,-678,-26,522,-495,-473,-727,-1137,-707,-507,-346
224,-541,-766,158,495,-653,-502,-858,-1483,-1141,-844,-610
170,-610,-780,219,475,-695,-492,-824,-1473,-1151,-878,-658
117,-624,-741,253,429,-683,-429,-722,-1366,-1102,-854,-658
63,-478,-541,207,302,-509,-317,-575,-1039,-868,-688,-527
39,-322,-361,141,200,-341,-244,-439,-722,-614,-497,-370
39,-180,-219,70,129,-200,-195,-312,-453,-385,-302,-224
39,-102,-141,31,90,-122,-156,-219,-292,-244,-185,-136
39,-82,-122,21,80,-102,-97,-151,-209,-175,-141,-107
4,-68,-73,31,39,-70,-48,-87,-126,-117,-102,-82
-9,-53,-43,31,17,-48,-34,-48,-73,-73,-68,-58
-9,-39,-29,24,9,-34,-29,-29,-48,-48,-43,-43
-9,-39,-29,24,9,-34,-19,-24,-43,-43,-39,-43
-14,-39,-24,26,4,-31,-9,-14,-29,-34,-39,-34
-24,-29,-4,26,-9,-17,-9,-9,-19,-29,-39,-34
-29,-29,0,29,-14,-14,-9,-9,-14,-19,-29,-34
-34,-24,9,29,-21,-7,-4,-4,-14,-19,-29,-29
-34,-24,9,29,-21,-7,-4,-4,-9,-19,-29,-24
-29,-24,4,26,-17,-9,0,-4,-4,-19,-29,-24
-24,-24,0,24,-12,-12,4,0,-4,-14,-29,-24
-24,-24,0,24,-12,-12,4,0,-4,-19,-24,-24
-24,-24,0,24,-12,-12,4,0,0,-24,-24,-24
-24,-24,0,24,-12,-12,4,0,0,-19,-19,-24
-24,-19,4,21,-14,-7,4,0,4,-19,-14,-24
-24,-19,4,21,-14,-7,4,0,4,-14,-14,-24
-24,-19,4,21,-14,-7,9,4,4,-9,-9,-24
-24,-19,4,21,-14,-7,14,9,4,-9,-9,-19
-24,-19,4,21,-14,-7,14,9,4,-9,-9,-19
-24,-19,4,21,-14,-7,14,9,4,-9,-9,-19
-24,-19,4,21,-14,-7,14,9,4,-9,-9,-19
-24,-14,9,19,-17,-2,19,19,4,-9,-9,-19
-24,-9,14,17,-19,2,19,29,4,-9,-9,-19
-24,-9,14,17,-19,2,19,29,4,-9,-9,-19
-24,-9,14,17,-19,2,19,34,4,-9,-9,-19
-24,-14,9,19,-17,-2,19,39,4,-4,-9,-24
-24,-14,9,19,-17,-2,19,39,4,-4,-9,-24
-19,-14,4,17,-12,-4,19,39,9,-4,-9,-19
-19,-14,4,17,-12,-4,19,39,14,-4,-9,-19
-24,-9,14,17,-19,2,19,34,14,0,-9,-14
-29,-9,19,19,-24,4,19,34,19,0,-9,-14
-29,-9,19,19,-24,4,19,39,19,0,-4,-14
-29,-9,19,19,-24,4,19,43,19,0,-4,-14
-24,-4,19,14,-21,7,24,43,19,0,-4,-14
-24,-4,19,14,-21,7,24,43,24,4,0,-14
-24,-4,19,14,-21,7,24,48,24,9,0,-9
-24,-4,19,14,-21,7,24,58,29,9,0,-9
-24,-4,19,14,-21,7,24,58,34,9,0,-9
-24,-9,14,17,-19,2,29,63,34,14,0,-9
-24,-9,14,17,-19,2,29,68,39,9,0,-9
-24,-9,14,17,-19,2,29,73,43,4,4,-9
-24,-9,14,17,-19,2,34,73,43,4,4,-4
-19,-9,9,14,-14,0,34,73,43,9,4,-4
-19,0,19,9,-19,9,34,73,53,19,9,-4
-14,4,19,4,-17,12,39,82,53,29,14,0
-14,4,19,4,-17,12,39,92,53,29,14,0
-14,4,19,4,-17,12,39,97,53,29,14,0
-14,4,19,4,-17,12,39,107,58,34,14,-4
-14,9,24,2,-19,17,43,112,68,34,9,-4
-9,9,19,0,-14,14,48,117,68,39,9,-4
-9,9,19,0,-14,14,48,126,68,39,14,-4
-9,9,19,0,-14,14,53,136,73,43,14,-4
-9,9,19,0,-14,14,58,141,78,43,14,0
-4,9,14,-2,-9,12,63,156,82,48,19,4
0,14,14,-7,-7,14,63,165,82,48,19,9
0,14,14,-7,-7,14,68,175,87,53,24,9
0,14,14,-7,-7,14,68,180,87,53,29,9
4,14,9,-9,-2,12,82,190,92,53,29,9
4,14,9,-9,-2,12,87,200,92,53,29,14
9,14,4,-12,2,9,92,209,102,53,29,14
9,19,9,-14,0,14,92,214,102,53,29,9
9,19,9,-14,0,14,97,224,107,53,29,9
14,19,4,-17,4,12,97,229,112,48,24,9
19,9,-9,-14,14,0,102,234,112,53,24,9
24,9,-14,-17,19,-2,102,234,107,53,24,4
24,9,-14,-17,19,-2,102,239,107,48,24,4
29,14,-14,-21,21,0,102,244,107,43,19,4
34,14,-19,-24,26,-2,102,248,107,39,14,0
34,14,-19,-24,26,-2,97,248,107,34,14,0
34,14,-19,-24,26,-2,97,248,107,34,14,4
39,14,-24,-26,31,-4,92,234,107,34,14,9
39,14,-24,-26,31,-4,87,224,102,39,14,9
39,14,-24,-26,31,-4,78,200,97,34,14,9
39,14,-24,-26,31,-4,73,185,97,34,19,14
34,19,-14,-26,24,2,63,161,92,39,19,14
34,14,-19,-24,26,-2,58,141,92,39,24,14
34,9,-24,-21,29,-7,48,117,87,39,24,14
24,14,-9,-19,17,2,29,102,78,43,29,19
24,14,-9,-19,17,2,19,82,68,39,29,19
19,9,-9,-14,14,0,14,63,68,34,29,19
19,9,-9,-14,14,0,9,53,58,29,29,19
9,9,0,-9,4,4,9,43,53,34,29,14
0,9,9,-4,-4,9,4,29,48,34,24,4
-4,0,4,2,-4,2,4,14,43,24,24,0
-4,0,4,2,-4,2,4,9,39,24,19,-4
-9,0,9,4,-9,4,0,0,34,14,9,-4
-14,-4,9,9,-12,2,0,-4,34,14,9,-4
-14,-4,9,9,-12,2,0,-9,34,4,9,-9
-14,-4,9,9,-12,2,0,-9,29,0,9,-9
-14,-9,4,12,-9,-2,0,-9,29,0,4,-9
-19,-14,4,17,-12,-4,0,-9,24,0,0,-9
-19,-14,4,17,-12,-4,0,-9,24,0,-4,-9
-19,-14,4,17,-12,-4,4,-14,24,-4,-4,-9
-19,-14,4,17,-12,-4,4,-14,24,-4,0,-14
-24,-9,14,17,-19,2,4,-14,19,0,0,-14
-24,-9,14,17,-19,2,4,-14,14,0,0,-14
-29,-9,19,19,-24,4,4,-14,9,-4,0,-14
-34,-14,19,24,-26,2,4,-14,9,-4,0,-19
-39,-14,24,26,-31,4,4,-14,9,-4,-4,-19
-34,-14,19,24,-26,2,4,-19,9,-4,-4,-19
-34,-14,19,24,-26,2,4,-19,9,-4,-4,-19
-39,-14,24,26,-31,4,4,-19,9,-4,-9,-19
-39,-14,24,26,-31,4,4,-19,9,-4,-14,-24
-39,-19,19,29,-29,0,4,-19,9,-4,-14,-24
-39,-24,14,31,-26,-4,4,-19,4,-4,-14,-19
-39,-24,14,31,-26,-4,4,-19,4,-4,-9,-19
-39,-19,19,29,-29,0,4,-19,9,-4,-9,-19
-39,-19,19,29,-29,0,4,-19,9,-9,-9,-19
-43,-19,24,31,-34,2,4,-19,9,-14,-9,-19
-43,-19,24,31,-34,2,4,-19,9,-14,-9,-24
-39,-19,19,29,-29,0,4,-19,9,-14,-9,-24
-39,-19,19,29,-29,0,4,-19,4,-14,-9,-19
-39,-19,19,29,-29,0,4,-19,4,-14,-9,-19
-39,-19,19,29,-29,0,4,-19,9,-14,-9,-19
-39,-14,24,26,-31,4,4,-19,9,-9,-9,-19
-39,-14,24,26,-31,4,4,-19,9,-9,-9,-19
-39,-14,24,26,-31,4,4,-19,4,-9,-4,-14
-34,-14,19,24,-26,2,4,-19,4,-9,-4,-14
-34,-14,19,24,-26,2,0,-19,9,-9,-9,-14
-34,-14,19,24,-26,2,0,-19,9,-9,-9,-14
-34,-14,19,24,-26,2,0,-19,9,-4,-4,-14
-34,-14,19,24,-26,2,0,-19,4,-4,-4,-14
-34,-14,19,24,-26,2,0,-19,4,-4,-4,-14
-34,-14,19,24,-26,2,0,-19,4,-4,-4,-14
-39,-14,24,26,-31,4,0,-19,4,-4,-4,-9
-39,-14,24,26,-31,4,0,-24,4,-4,-9,-9
-39,-14,24,26,-31,4,0,-24,4,-4,-9,-9
-39,-14,24,26,-31,4,0,-24,4,-4,-9,-9
-39,-14,24,26,-31,4,-4,-24,4,-4,-9,-9
-39,-14,24,26,-31,4,-4,-29,4,-9,-9,-9
-34,-14,19,24,-26,2,-4,-29,4,-9,-4,-9
-34,-14,19,24,-26,2,-4,-24,4,-9,-4,-9
-34,-14,19,24,-26,2,-4,-24,4,-9,-4,-9
-34,-19,14,26,-24,-2,-4,-24,4,-4,0,-14
-39,-24,14,31,-26,-4,-4,-29,9,-4,0,-19
-43,-24,19,34,-31,-2,-4,-29,9,-9,-4,-19
-48,-24,24,36,-36,0,-4,-29,9,-14,-4,-19
-48,-19,29,34,-39,4,-4,-29,4,-14,-4,-19
-43,-14,29,29,-36,7,-4,-29,4,-14,-4,-19
-43,-14,29,29,-36,7,-4,-34,4,-9,-4,-24
-43,-14,29,29,-36,7,-4,-39,4,-4,-4,-24
-43,-14,29,29,-36,7,-4,-39,4,-4,-4,-19
-39,-14,24,26,-31,4,-4,-39,4,-4,-4,-19
-39,-19,19,29,-29,0,-4,-34,4,-4,-4,-19
-39,-19,19,29,-29,0,-4,-29,4,-4,-4,-19
-39,-19,19,29,-29,0,-4,-34,0,-9,-4,-19
-39,-19,19,29,-29,0,-4,-34,0,-9,-4,-19
-39,-19,19,29,-29,0,-4,-29,0,-4,-4,-14
-39,-14,24,26,-31,4,-4,-29,4,-4,-4,-9
-39,-14,24,26,-31,4,-4,-29,4,-4,-4,-9
-39,-14,24,26,-31,4,-4,-29,0,-4,-4,-9
-39,-19,19,29,-29,0,-4,-29,0,-4,-4,-9
-39,-19,19,29,-29,0,-4,-29,0,-4,-4,-9
-39,-19,19,29,-29,0,-4,-34,0,-4,-4,-9
-39,-19,19,29,-29,0,-4,-34,0,-4,-4,-9
-39,-14,24,26,-31,4,-4,-34,0,-4,-4,-9
-39,-4,34,21,-36,14,-4,-34,0,-4,-4,-9
-39,-4,34,21,-36,14,-4,-34,0,-4,-4,-9
-39,-9,29,24,-34,9,-4,-34,0,-4,-4,-9
-39,-14,24,26,-31,4,-4,-34,0,-4,-4,-9
-39,-14,24,26,-31,4,-4,-34,0,-4,0,-14
-39,-14,24,26,-31,4,-4,-34,0,-4,0,-14
-39,-14,24,26,-31,4,-4,-34,0,-4,0,-9
-39,-14,24,26,-31,4,-4,-34,0,-4,0,-9
-34,-14,19,24,-26,2,-4,-34,0,-4,0,-9
-34,-14,19,24,-26,2,-4,-34,0,-4,0,-9
-34,-14,19,24,-26,2,-4,-34,0,-4,0,-9
-34,-14,19,24,-26,2,-4,-34,0,-9,-4,-9
-34,-14,19,24,-26,2,-4,-34,0,-9,-4,-9
-39,-14,24,26,-31,4,-9,-34,0,-4,-4,-9
-39,-14,24,26,-31,4,-14,-34,0,-4,0,-9
-29,-4,24,17,-26,9,-9,-34,0,0,0,-9
-24,0,24,12,-24,12,-9,-39,0,0,0,-9
-24,-4,19,14,-21,7,-9,-34,0,0,0,-9
-29,-9,19,19,-24,4,-9,-29,0,0,0,-9
-29,-9,19,19,-24,4,-9,-29,0,0,0,-9
-29,-9,19,19,-24,4,-9,-29,0,0,0,-9
-29,-4,24,17,-26,9,-9,-29,0,0,0,-9
-29,0,29,14,-29,14,-9,-29,0,0,0,-9
-29,9,39,9,-34,24,-4,-24,9,4,4,-4
-29,19,48,4,-39,34,0,-19,19,9,9,0
-19,29,48,-4,-34,39,4,-9,34,19,19,4
-9,39,48,-14,-29,43,9,0,48,29,29,9
-4,39,43,-17,-24,41,14,4,53,34,34,19
0,39,39,-19,-19,39,19,9,53,39,34,24
4,39,34,-21,-14,36,29,14,58,43,39,29
4,39,34,-21,-14,36,39,24,63,43,39,29
4,34,29,-19,-12,31,43,29,63,43,39,24
4,24,19,-14,-7,21,43,29,58,43,39,14
14,19,4,-17,4,12,34,29,48,43,39,14
24,19,-4,-21,14,7,14,24,39,39,39,14
34,24,-9,-29,21,7,-14,4,29,39,34,14
39,24,-14,-31,26,4,-43,-19,9,24,34,14
39,24,-14,-31,26,4,-48,-34,4,19,29,14
43,24,-19,-34,31,2,-48,-43,-4,14,19,9
48,24,-24,-36,36,0,-48,-43,-19,9,19,9
53,24,-29,-39,41,-2,-48,-43,-24,9,19,9
53,4,-48,-29,51,-21,-43,-34,-29,-4,9,-4
58,0,-58,-29,58,-29,-39,-29,-29,-4,9,-9
58,0,-58,-29,58,-29,-43,-24,-29,0,9,-9
58,0,-58,-29,58,-29,-48,-24,-24,0,9,-4
58,4,-53,-31,56,-24,-48,-34,-24,0,14,0
53,9,-43,-31,48,-17,-48,-43,-24,0,14,0
39,9,-29,-24,34,-9,-48,-43,-24,0,9,-4
19,9,-9,-14,14,0,-39,-48,-24,-4,4,-4
-9,-4,4,7,-7,0,-24,-48,-19,-4,0,-9
-29,-14,14,21,-21,0,-9,-48,-14,-9,-4,-24
-29,-24,4,26,-17,-9,-9,-48,-19,-24,-19,-34
-34,-29,4,31,-19,-12,-9,-48,-19,-24,-24,-39
-34,-29,4,31,-19,-12,-4,-48,-19,-24,-24,-39
-39,-29,9,34,-24,-9,-4,-48,-19,-24,-19,-34
-39,-24,14,31,-26,-4,-4,-48,-19,-24,-19,-34
-39,-24,14,31,-26,-4,-4,-48,-19,-24,-19,-34
-39,-24,14,31,-26,-4,-4,-48,-19,-24,-19,-34
-34,-24,9,29,-21,-7,-4,-48,-19,-24,-19,-34
-34,-24,9,29,-21,-7,-4,-48,-19,-24,-19,-29
-39,-24,14,31,-26,-4,-4,-48,-14,-24,-19,-24
-43,-19,24,31,-34,2,-4,-48,-14,-24,-19,-24
-48,-19,29,34,-39,4,-4,-48,-14,-24,-19,-24
-48,-24,24,36,-36,0,-9,-48,-14,-24,-19,-24
-48,-29,19,39,-34,-4,-14,-48,-14,-24,-19,-24
-43,-29,14,36,-29,-7,-9,-48,-14,-19,-14,-29
-43,-19,24,31,-34,2,-9,-43,-9,-9,-9,-29
-63,4,68,29,-65,36,4,-34,39,19,14,-9
-92,48,141,21,-117,95,58,39,141,73,53,29
-112,112,224,0,-168,168,126,141,322,200,136,92
-107,204,312,-48,-209,258,161,195,502,366,278,200
-43,322,366,-139,-204,344,141,200,639,585,488,370
141,512,370,-326,-114,441,0,87,727,868,775,619
400,707,307,-553,46,507,-195,-43,702,1166,1093,893
575,697,122,-636,226,409,-439,-278,439,1171,1137,936
595,292,-302,-444,448,-4,-488,-463,-141,497,517,453
512,-146,-658,-183,585,-402,-483,-605,-834,-322,-204,-126
283,-453,-736,85,509,-595,-463,-814,-1332,-995,-741,-541
165,-580,-746,207,456,-663,-492,-878,-1483,-1190,-893,-658
117,-595,-712,239,414,-653,-458,-810,-1390,-1122,-868,-658
68,-556,-624,244,346,-590,-370,-673,-1200,-995,-785,-610
34,-405,-439,185,236,-422,-273,-527,-883,-761,-605,-478
29,-244,-273,107,151,-258,-214,-390,-575,-507,-400,-322
29,-131,-161,51,95,-146,-170,-273,-356,-307,-239,-195
29,-82,-112,26,70,-97,-136,-190,-244,-195,-156,-126
29,-68,-97,19,63,-82,-82,-122,-170,-141,-117,-92
-4,-58,-53,31,24,-56,-39,-58,-97,-97,-82,-63
-19,-48,-29,34,4,-39,-24,-34,-58,-68,-58,-48
-19,-39,-19,29,0,-29,-19,-29,-48,-58,-43,-43
-19,-39,-19,29,0,-29,-9,-19,-43,-53,-39,-39
-24,-39,-14,31,-4,-26,0,-4,-29,-43,-39,-24
-29,-29,0,29,-14,-14,0,0,-19,-34,-34,-24
-29,-29,0,29,-14,-14,0,0,-14,-19,-19,-24
-34,-24,9,29,-21,-7,4,0,-14,-19,-19,-19
-34,-24,9,29,-21,-7,4,-4,-9,-19,-19,-14
-34,-19,14,26,-24,-2,4,-4,-4,-19,-19,-14
-34,-14,19,24,-26,2,4,0,-4,-14,-19,-14
-34,-14,19,24,-26,2,4,0,-4,-14,-14,-9
-34,-14,19,24,-26,2,4,0,0,-14,-14,-4
-34,-14,19,24,-26,2,4,0,0,-9,-14,-4
-34,-9,24,21,-29,7,4,0,4,-9,-14,-4
-34,-9,24,21,-29,7,4,0,4,-9,-14,-4
-34,-9,24,21,-29,7,9,4,4,-9,-9,-4
-34,-9,24,21,-29,7,14,9,4,-9,-9,0
-34,-9,24,21,-29,7,14,9,4,-9,-9,0
-34,-14,19,24,-26,2,14,14,4,-9,-9,0
-34,-19,14,26,-24,-2,14,19,4,-9,-9,0
-34,-19,14,26,-24,-2,19,24,4,-9,-9,0
-34,-19,14,26,-24,-2,19,29,4,-9,-9,0
-34,-14,19,24,-26,2,14,29,4,-9,-9,0
-34,-9,24,21,-29,7,9,34,4,-9,-9,0
-34,-14,19,24,-26,2,9,39,4,-4,-9,-4
-34,-14,19,24,-26,2,9,39,4,-4,-9,-4
-34,-14,19,24,-26,2,14,39,4,-4,-9,0
-39,-14,24,26,-31,4,19,39,4,-4,-9,0
-39,-9,29,24,-34,9,19,39,4,0,-9,4
-39,-9,29,24,-34,9,19,43,9,0,-9,4
-39,-9,29,24,-34,9,19,48,9,0,-4,4
-39,-9,29,24,-34,9,19,53,9,0,-4,4
-34,-4,29,19,-31,12,24,53,9,0,-4,4
-34,-4,29,19,-31,12,24,53,14,4,0,4
-34,-4,29,19,-31,12,24,53,14,9,0,9
-34,-4,29,19,-31,12,24,58,19,9,0,9
-34,0,34,17,-34,17,19,53,24,9,0,9
-34,0,34,17,-34,17,19,53,24,14,0,9
-34,0,34,17,-34,17,19,58,29,14,0,9
-34,0,34,17,-34,17,19,63,34,14,4,9
-34,0,34,17,-34,17,29,68,34,14,4,14
-29,0,29,14,-29,14,34,73,34,19,4,14
-29,0,29,14,-29,14,34,73,43,24,9,14
-24,-4,19,14,-21,7,39,82,43,29,14,19
-24,-4,19,14,-21,7,39,92,43,29,14,19
-24,-4,19,14,-21,7,39,97,43,29,14,19
-24,-4,19,14,-21,7,39,107,48,34,19,19
-24,0,24,12,-24,12,43,112,58,34,19,24
-19,0,19,9,-19,9,48,117,58,39,19,24
-19,0,19,9,-19,9,48,126,58,39,24,24
-24,0,24,12,-24,12,53,136,63,39,24,24
-29,0,29,14,-29,14,58,141,68,34,24,29
-24,0,24,12,-24,12,63,161,73,39,29,24
-19,4,24,7,-21,14,63,175,73,39,29,19
-19,4,24,7,-21,14,68,185,78,43,29,19
-19,4,24,7,-21,14,68,190,78,43,29,19
-14,4,19,4,-17,12,78,200,82,43,29,19
-14,4,19,4,-17,12,78,209,82,43,29,24
-9,4,14,2,-12,9,82,219,92,43,24,24
-9,9,19,0,-14,14,82,224,92,43,19,19
-9,9,19,0,-14,14,87,234,92,48,19,19
-4,9,14,-2,-9,12,87,239,92,48,14,19
0,0,0,0,0,0,92,244,92,48,19,19
4,0,-4,-2,4,-2,92,244,87,43,24,14
4,0,-4,-2,4,-2,92,248,87,39,19,14
9,4,-4,-7,7,0,92,253,87,34,9,14
19,4,-14,-12,17,-4,92,253,87,34,4,14
24,4,-19,-14,21,-7,87,248,87,34,4,19
24,9,-14,-17,19,-2,82,244,87,34,4,19
29,14,-14,-21,21,0,73,224,87,34,4,19
29,14,-14,-21,21,0,68,214,82,39,4,19
29,14,-14,-21,21,0,58,190,78,34,4,19
29,14,-14,-21,21,0,53,175,78,34,14,24
24,19,-4,-21,14,7,43,151,73,39,19,24
19,19,0,-19,9,9,39,131,73,34,24,24
14,19,4,-17,4,12,29,107,68,29,24,24
4,19,14,-12,-4,17,19,92,63,39,29,29
4,14,9,-9,-2,12,19,73,58,39,29,29
0,9,9,-4,-4,9,14,53,58,34,29,29
0,9,9,-4,-4,9,9,43,48,29,29,29
-9,9,19,0,-14,14,9,34,48,29,29,29
-19,9,29,4,-24,19,4,19,48,24,24,24
-19,0,19,9,-19,9,4,9,43,14,24,24
-14,0,14,7,-14,7,4,9,39,14,19,24
-19,0,19,9,-19,9,0,0,29,4,9,24
-24,-4,19,14,-21,7,0,-4,24,4,9,24
-29,-4,24,17,-26,9,0,-14,24,0,9,14
-34,-4,29,19,-31,12,0,-19,19,0,9,9
-34,-4,29,19,-31,12,0,-19,19,0,9,9
-39,-4,34,21,-36,14,0,-19,14,0,9,9
-39,-4,34,21,-36,14,0,-19,14,0,4,9
-39,-4,34,21,-36,14,4,-24,14,-4,4,9
-39,-9,29,24,-34,9,4,-24,14,-9,0,0
-43,-9,34,26,-39,12,4,-24,9,-9,-9,-4
-43,-9,34,26,-39,12,4,-24,9,-9,-9,-4
-48,-9,39,29,-43,14,4,-24,9,-14,-9,-4
-48,-14,34,31,-41,9,4,-24,9,-14,-9,-4
-48,-14,34,31,-41,9,4,-24,9,-14,-14,0
-43,-14,29,29,-36,7,4,-29,9,-14,-14,0
-43,-14,29,29,-36,7,4,-29,9,-14,-14,0
-48,-14,34,31,-41,9,4,-29,9,-14,-14,0
-48,-14,34,31,-41,9,4,-29,9,-14,-14,-4
-48,-14,34,31,-41,9,4,-29,9,-14,-14,-4
-48,-14,34,31,-41,9,4,-29,4,-14,-14,0
-48,-14,34,31,-41,9,4,-29,4,-14,-9,0
-48,-9,39,29,-43,14,4,-29,9,-14,-9,0
-48,-9,39,29,-43,14,4,-24,9,-14,-9,0
-53,-9,43,31,-48,17,4,-19,9,-14,-9,0
-53,-9,43,31,-48,17,4,-19,4,-14,-9,-4
-48,-9,39,29,-43,14,4,-19,0,-14,-9,-4
-48,-9,39,29,-43,14,4,-19,-4,-14,-9,0
-48,-9,39,29,-43,14,4,-19,-4,-14,-9,0
-48,-9,39,29,-43,14,4,-19,0,-14,-9,-4
-48,-4,43,26,-46,19,4,-19,0,-9,-9,-9
-48,-4,43,26,-46,19,4,-24,0,-9,-9,-9
-48,-4,43,26,-46,19,4,-29,-4,-9,-4,-4
-43,-4,39,24,-41,17,4,-29,-4,-9,-4,-4
-43,-4,39,24,-41,17,0,-29,0,-9,-9,-4
-43,-4,39,24,-41,17,0,-29,0,-9,-9,-4
-43,-4,39,24,-41,17,0,-29,0,-4,-4,-4
-43,-4,39,24,-41,17,0,-29,-4,-4,-4,-4
-43,-4,39,24,-41,17,0,-29,-4,-4,-4,-4
-43,-4,39,24,-41,17,0,-29,-4,-9,-4,-9
-48,-4,43,26,-46,19,0,-29,-4,-14,-4,-9
-48,-9,39,29,-43,14,0,-34,-4,-14,-9,-9
-48,-14,34,31,-41,9,0,-34,-4,-14,-9,-9
-48,-14,34,31,-41,9,0,-34,-4,-14,-9,-9
-48,-14,34,31,-41,9,-4,-34,-4,-14,-9,-9
-48,-9,39,29,-43,14,0,-39,0,-19,-14,-9
-43,-4,39,24,-41,17,4,-39,4,-19,-14,-9
-43,-4,39,24,-41,17,4,-34,4,-19,-14,-9
-43,-4,39,24,-41,17,4,-34,4,-19,-14,-9
-43,-4,39,24,-41,17,0,-34,0,-14,-9,-9
-48,-4,43,26,-46,19,-4,-39,0,-14,-9,-9
-48,-4,43,26,-46,19,-4,-39,0,-14,-9,-9
-48,-4,43,26,-46,19,-4,-39,0,-14,-4,-9
-48,-4,43,26,-46,19,-4,-39,-4,-14,-4,-9
-43,-4,39,24,-41,17,-4,-39,-4,-14,-4,-9
-43,-4,39,24,-41,17,-4,-39,-4,-14,-4,-14
-43,-4,39,24,-41,17,-4,-39,-4,-14,-4,-14
-48,-4,43,26,-46,19,-4,-39,-4,-9,-4,-9
-48,-4,43,26,-46,19,-4,-39,-4,-4,-4,-9
-48,-9,39,29,-43,14,0,-39,0,-4,-4,-9
-48,-9,39,29,-43,14,4,-39,4,-4,-4,-9
-48,-9,39,29,-43,14,4,-43,0,-9,-4,-9
-48,-9,39,29,-43,14,4,-43,0,-9,-4,-9
-48,-9,39,29,-43,14,4,-39,0,-4,-4,-9
-48,-4,43,26,-46,19,4,-39,4,-4,-4,-9
-48,-4,43,26,-46,19,0,-39,4,-4,-4,-9
-48,-4,43,26,-46,19,-4,-39,0,-4,-4,-9
-48,-9,39,29,-43,14,-4,-39,0,-4,-4,-4
-48,-9,39,29,-43,14,-4,-39,0,-4,-4,0
-48,-9,39,29,-43,14,-4,-43,0,-4,-4,0
-48,-9,39,29,-43,14,-4,-43,0,-4,-4,0
-48,-9,39,29,-43,14,-4,-43,0,-4,-4,-4
-48,-4,43,26,-46,19,-4,-43,0,-4,-4,-9
-48,-4,43,26,-46,19,-4,-43,0,-4,-4,-9
-48,-9,39,29,-43,14,-4,-43,0,-4,-4,-9
-48,-9,39,29,-43,14,-4,-43,0,-4,-4,-9
-48,-4,43,26,-46,19,-4,-43,0,-4,0,-14
-48,-4,43,26,-46,19,-4,-43,0,-14,0,-14
-48,-4,43,26,-46,19,-4,-43,0,-24,0,-9
-48,-4,43,26,-46,19,-4,-43,0,-14,0,-4
-43,-4,39,24,-41,17,-4,-43,0,-4,0,0
-43,-4,39,24,-41,17,-4,-43,0,-4,0,0
-43,-4,39,24,-41,17,-4,-43,0,-4,0,0
-43,-4,39,24,-41,17,-4,-43,0,-9,-4,0
-43,-4,39,24,-41,17,-4,-43,0,-9,-4,0
-48,-4,43,26,-46,19,-4,-43,0,-9,-4,-4
-48,-4,43,26,-46,19,-4,-43,0,-14,0,-9
-48,-4,43,26,-46,19,0,-39,-4,-9,0,-4
-53,-9,43,31,-48,17,0,-39,-9,-9,0,0
-48,-4,43,26,-46,19,-4,-43,-4,-9,0,-4
-48,0,48,24,-48,24,-9,-48,0,-9,0,-9
-48,0,48,24,-48,24,-9,-48,0,-9,0,-9
-48,0,48,24,-48,24,-9,-48,0,-9,0,-9
-43,4,48,19,-46,26,-4,-43,4,-4,0,-4
-39,9,48,14,-43,29,0,-39,9,0,0,0
-34,14,48,9,-41,31,4,-29,19,9,4,4
-29,19,48,4,-39,34,9,-19,29,19,9,9
-24,24,48,0,-36,36,14,-9,39,24,19,19
-19,29,48,-4,-34,39,19,0,48,29,29,29
-14,34,48,-9,-31,41,24,0,48,29,29,29
-9,39,48,-14,-29,43,29,4,53,34,29,29
-4,43,48,-19,-26,46,39,14,58,39,34,34
-4,43,48,-19,-26,46,43,19,63,43,39,39
-9,34,43,-12,-26,39,48,19,63,43,39,34
-4,29,34,-12,-19,31,43,19,58,43,39,34
4,29,24,-17,-9,26,24,19,48,39,39,34
14,34,19,-24,-2,26,-4,4,39,39,34,34
19,34,14,-26,2,24,-34,-19,19,34,34,34
19,34,14,-26,2,24,-39,-34,14,39,29,34
24,29,4,-26,9,17,-43,-48,4,24,14,24
29,24,-4,-26,17,9,-48,-53,-4,9,9,19
34,19,-14,-26,24,2,-48,-53,-9,9,9,19
34,0,-34,-17,34,-17,-43,-43,-19,-4,0,4
39,0,-39,-19,39,-19,-39,-39,-19,-9,0,0
39,0,-39,-19,39,-19,-39,-34,-19,-9,0,0
39,0,-39,-19,39,-19,-39,-34,-14,-9,0,4
39,0,-39,-19,39,-19,-39,-39,-14,-9,4,9
39,0,-39,-19,39,-19,-39,-43,-14,-9,4,9
29,0,-29,-14,29,-14,-39,-43,-14,-9,0,4
9,0,-9,-4,9,-4,-29,-48,-14,-14,-4,4
-19,-14,4,17,-12,-4,-19,-48,-14,-14,-9,0
-43,-19,24,31,-34,2,-9,-48,-14,-14,-9,-14
-48,-24,24,36,-36,0,-9,-48,-19,-24,-19,-24
-53,-29,24,41,-39,-2,-14,-48,-19,-24,-24,-29
-53,-29,24,41,-39,-2,-14,-48,-19,-24,-24,-29
-58,-29,29,43,-43,0,-14,-48,-19,-24,-19,-24
-58,-24,34,41,-46,4,-14,-48,-19,-24,-19,-24
-58,-24,34,41,-46,4,-14,-48,-19,-24,-19,-24
-58,-24,34,41,-46,4,-14,-48,-19,-24,-19,-24
-53,-24,29,39,-41,2,-14,-48,-19,-19,-19,-19
-53,-24,29,39,-41,2,-14,-48,-19,-14,-19,-14
-58,-24,34,41,-46,4,-9,-48,-14,-14,-19,-14
-58,-19,39,39,-48,9,-4,-48,-14,-14,-19,-14
-58,-24,34,41,-46,4,-4,-48,-14,-19,-24,-19
-58,-29,29,43,-43,0,-4,-48,-14,-24,-29,-24
-58,-29,29,43,-43,0,-9,-48,-14,-24,-29,-24
-58,-29,29,43,-43,0,-9,-48,-9,-19,-24,-24
-58,-19,39,39,-48,9,-9,-43,-9,-9,-14,-19
-73,4,78,34,-75,41,4,-34,43,24,19,0
-102,48,151,26,-126,100,63,43,161,82,63,34
-117,112,229,2,-173,170,131,146,331,214,156,102
-126,190,317,-31,-222,253,180,234,522,366,283,200
-63,292,356,-114,-209,324,175,273,663,566,468,351
161,502,341,-331,-90,422,58,156,771,849,756,610
419,683,263,-551,78,473,-107,24,751,1098,1019,849
600,678,78,-639,261,378,-395,-268,507,1137,1093,912
624,341,-283,-483,453,29,-492,-512,-4,566,575,512
497,-97,-595,-200,546,-346,-492,-697,-746,-283,-185,-102
258,-414,-673,78,466,-544,-473,-946,-1278,-956,-732,-536
146,-531,-678,192,412,-605,-541,-1015,-1424,-1137,-849,-624
92,-556,-649,231,370,-602,-536,-946,-1351,-1098,-839,-629
48,-541,-590,246,319,-566,-424,-775,-1185,-980,-771,-590
14,-419,-434,202,224,-427,-307,-595,-902,-761,-610,-468
14,-234,-248,109,131,-241,-234,-419,-561,-478,-385,-292
19,-102,-122,41,70,-112,-180,-283,-322,-273,-214,-161
24,-63,-87,19,56,-75,-146,-204,-224,-180,-146,-107
29,-53,-82,12,56,-68,-92,-136,-161,-126,-112,-82
-4,-48,-43,26,19,-46,-43,-68,-92,-87,-82,-63
-19,-39,-19,29,0,-29,-29,-34,-53,-58,-63,-48
-19,-39,-19,29,0,-29,-24,-24,-48,-48,-53,-43
-19,-48,-29,34,4,-39,-9,-14,-43,-43,-48,-43
-24,-48,-24,36,0,-36,0,-4,-29,-34,-48,-34
-29,-39,-9,34,-9,-24,0,0,-19,-29,-43,-34
-29,-34,-4,31,-12,-19,0,0,-9,-19,-29,-34
-34,-24,9,29,-21,-7,4,4,-4,-19,-29,-29
-34,-24,9,29,-21,-7,4,4,0,-19,-29,-19
-34,-24,9,29,-21,-7,4,4,4,-19,-29,-14
-34,-24,9,29,-21,-7,4,9,0,-14,-29,-14
-34,-24,9,29,-21,-7,4,9,-4,-14,-24,-14
-34,-24,9,29,-21,-7,9,9,0,-14,-24,-19
-34,-24,9,29,-21,-7,14,9,0,-9,-24,-24
-34,-19,14,26,-24,-2,14,9,4,-9,-19,-24
-34,-19,14,26,-24,-2,14,9,4,-9,-14,-24
-34,-19,14,26,-24,-2,19,14,4,-9,-9,-24
-34,-19,14,26,-24,-2,24,19,4,-9,-9,-19
-34,-19,14,26,-24,-2,24,24,4,-4,-9,-19
-34,-19,14,26,-24,-2,24,29,4,0,-9,-19
-34,-19,14,26,-24,-2,24,29,4,0,-9,-19
-34,-19,14,26,-24,-2,29,34,4,0,-9,-19
-34,-24,9,29,-21,-7,24,39,4,-4,-14,-19
-34,-29,4,31,-19,-12,19,39,4,-9,-19,-19
-39,-29,9,34,-24,-9,19,39,4,-14,-24,-19
-43,-34,9,39,-26,-12,19,39,4,-14,-29,-24
-43,-34,9,39,-26,-12,19,39,4,-14,-29,-29
-39,-34,4,36,-21,-14,19,39,4,-14,-29,-29
-34,-34,0,34,-17,-17,19,39,4,-14,-24,-29
-29,-29,0,29,-14,-14,19,39,4,-9,-19,-24
-29,-29,0,29,-14,-14,19,43,9,-9,-19,-24
-29,-29,0,29,-14,-14,19,48,9,-9,-14,-24
-29,-24,4,26,-17,-9,19,53,4,-9,-14,-24
-24,-14,9,19,-17,-2,24,53,0,-9,-14,-24
-24,-14,9,19,-17,-2,24,53,4,-4,-9,-24
-24,-14,9,19,-17,-2,24,53,4,0,-9,-19
-19,-19,0,19,-9,-9,24,63,9,0,-9,-14
-14,-19,-4,17,-4,-12,24,68,14,0,-9,-9
-14,-24,-9,19,-2,-17,29,73,14,4,-9,-9
-14,-29,-14,21,0,-21,29,78,19,4,-9,-9
-19,-29,-9,24,-4,-19,29,78,19,4,-9,-14
-24,-29,-4,26,-9,-17,34,78,14,4,-14,-14
-19,-19,0,19,-9,-9,34,82,14,9,-14,-14
-19,-4,14,12,-17,4,34,82,24,14,-9,-14
-14,-14,0,14,-7,-7,43,92,24,19,-4,-9
-14,-24,-9,19,-2,-17,48,102,24,19,-4,-9
-14,-24,-9,19,-2,-17,48,107,24,19,-4,-9
-14,-24,-9,19,-2,-17,48,117,29,24,0,-9
-14,-19,-4,17,-4,-12,53,122,39,19,0,-4
-9,-19,-9,14,0,-14,58,126,39,19,0,-4
-9,-19,-9,14,0,-14,58,141,39,19,4,-4
-9,-19,-9,14,0,-14,63,156,43,24,4,-4
-4,-14,-9,9,2,-12,68,161,48,24,4,0
4,-9,-14,2,9,-12,73,175,53,29,9,0
9,-4,-14,-2,12,-9,73,185,53,29,9,0
9,-4,-14,-2,12,-9,78,195,58,34,9,0
4,-9,-14,2,9,-12,73,200,58,34,4,0
4,-14,-19,4,12,-17,78,209,63,34,0,0
4,-14,-19,4,12,-17,78,219,58,34,0,4
9,-14,-24,2,17,-19,82,229,63,34,0,4
14,-9,-24,-2,19,-17,82,234,63,39,4,0
19,-9,-29,-4,24,-19,87,244,63,43,9,0
24,-9,-34,-7,29,-21,87,253,63,39,4,0
29,-19,-48,-4,39,-34,92,263,63,39,4,0
34,-19,-53,-7,43,-36,92,263,53,29,4,-4
34,-19,-53,-7,43,-36,92,268,48,19,0,-4
39,-14,-53,-12,46,-34,92,273,48,9,-9,-4
43,-14,-58,-14,51,-36,92,273,48,4,-14,-9
43,-14,-58,-14,51,-36,92,273,48,4,-19,-14
43,-14,-58,-14,51,-36,92,273,48,4,-24,-19
48,-14,-63,-17,56,-39,82,253,53,4,-24,-19
48,-14,-63,-17,56,-39,78,244,53,4,-24,-19
48,-9,-58,-19,53,-34,68,219,58,4,-14,-14
48,-4,-53,-21,51,-29,63,204,68,14,0,-4
48,0,-48,-24,48,-24,53,175,63,19,0,0
48,0,-48,-24,48,-24,48,151,63,19,4,4
43,0,-43,-21,43,-21,39,126,63,19,4,4
34,4,-29,-19,31,-12,29,112,63,29,9,9
29,4,-24,-17,26,-9,29,92,58,29,9,9
19,0,-19,-9,19,-9,24,73,58,24,9,9
19,0,-19,-9,19,-9,19,58,48,19,4,4
9,0,-9,-4,9,-4,19,43,43,19,0,0
0,0,0,0,0,0,14,29,39,14,-4,-4
-4,-9,-4,7,0,-7,14,19,34,4,-4,-9
-9,-9,0,9,-4,-4,14,14,29,4,-9,-9
-19,-9,9,14,-14,0,9,0,24,-4,-19,-4
-24,-14,9,19,-17,-2,9,-4,24,-4,-19,-4
-24,-14,9,19,-17,-2,9,-9,24,-9,-19,-9
-24,-14,9,19,-17,-2,4,-9,19,-9,-19,-14
-24,-14,9,19,-17,-2,0,-9,19,-9,-19,-19
-29,-14,14,21,-21,0,0,-9,14,-9,-19,-19
-29,-14,14,21,-21,0,0,-9,14,-9,-24,-19
-29,-9,19,19,-24,4,4,-19,14,-14,-24,-19
-29,-9,19,19,-24,4,4,-24,14,-19,-24,-24
-34,-9,24,21,-29,7,4,-24,9,-19,-29,-24
-34,-9,24,21,-29,7,4,-24,9,-19,-29,-24
-39,-14,24,26,-31,4,4,-19,9,-24,-29,-24
-39,-24,14,31,-26,-4,4,-14,9,-24,-29,-29
-39,-24,14,31,-26,-4,4,-14,9,-24,-29,-24
-34,-24,9,29,-21,-7,4,-19,9,-24,-24,-19
-34,-24,9,29,-21,-7,4,-19,9,-24,-24,-19
-39,-24,14,31,-26,-4,4,-19,9,-24,-24,-19
-39,-24,14,31,-26,-4,4,-19,9,-29,-24,-29
-39,-24,14,31,-26,-4,4,-19,9,-34,-24,-34
-39,-24,14,31,-26,-4,4,-19,4,-34,-24,-29
-39,-24,14,31,-26,-4,4,-19,4,-34,-19,-29
-34,-19,14,26,-24,-2,4,-19,9,-29,-19,-29
-29,-19,9,24,-19,-4,4,-19,9,-24,-19,-29
-34,-19,14,26,-24,-2,4,-19,9,-24,-19,-24
-34,-19,14,26,-24,-2,4,-19,9,-24,-19,-24
-34,-19,14,26,-24,-2,4,-19,9,-24,-19,-24
-39,-19,19,29,-29,0,4,-19,4,-24,-19,-19
-39,-19,19,29,-29,0,4,-19,4,-29,-24,-19
-39,-19,19,29,-29,0,4,-19,9,-34,-29,-19
-43,-14,29,29,-36,7,4,-19,9,-29,-29,-24
-48,-14,34,31,-41,9,4,-19,9,-29,-29,-29
-48,-14,34,31,-41,9,4,-24,4,-29,-19,-24
-43,-14,29,29,-36,7,4,-29,4,-29,-14,-24
-39,-14,24,26,-31,4,0,-29,9,-24,-19,-24
-34,-14,19,24,-26,2,0,-29,9,-19,-19,-24
-34,-14,19,24,-26,2,0,-29,9,-14,-19,-24
-34,-14,19,24,-26,2,0,-29,4,-14,-24,-24
-34,-19,14,26,-24,-2,0,-29,4,-14,-24,-24
-34,-24,9,29,-21,-7,0,-29,4,-14,-24,-24
-39,-24,14,31,-26,-4,0,-29,4,-14,-19,-19
-39,-24,14,31,-26,-4,0,-34,4,-14,-19,-19
-34,-14,19,24,-26,2,0,-34,4,-9,-14,-14
-29,-4,24,17,-26,9,0,-34,4,-4,-9,-9
-29,-14,14,21,-21,0,-4,-29,4,-4,-9,-9
-29,-24,4,26,-17,-9,-4,-29,4,-9,-9,-9
-29,-24,4,26,-17,-9,0,-29,4,-14,-14,-9
-34,-24,9,29,-21,-7,4,-24,4,-19,-24,-9
-34,-19,14,26,-24,-2,4,-24,4,-19,-24,-9
-34,-14,19,24,-26,2,4,-24,4,-14,-19,-9
-39,-14,24,26,-31,4,4,-29,9,-14,-14,-9
-39,-14,24,26,-31,4,4,-29,9,-14,-14,-9
-39,-14,24,26,-31,4,4,-29,14,-9,-14,-9
-39,-14,24,26,-31,4,4,-29,14,-4,-14,-9
-34,-14,19,24,-26,2,4,-34,14,-4,-14,-9
-34,-14,19,24,-26,2,4,-39,14,-4,-14,-14
-34,-14,19,24,-26,2,4,-39,14,-4,-14,-19
-39,-14,24,26,-31,4,4,-39,14,-4,-14,-19
-39,-14,24,26,-31,4,4,-39,14,-14,-14,-19
-39,-19,19,29,-29,0,4,-39,14,-24,-14,-19
-39,-19,19,29,-29,0,4,-34,14,-14,-9,-14
-39,-19,19,29,-29,0,4,-34,9,-9,-4,-9
-39,-14,24,26,-31,4,4,-34,9,-9,-4,-9
-39,-9,29,24,-34,9,4,-29,9,-4,-4,-9
-39,-4,34,21,-36,14,4,-29,14,-4,-9,-14
-39,-4,34,21,-36,14,4,-29,14,-4,-14,-19
-39,-4,34,21,-36,14,4,-29,9,-4,-14,-19
-39,-9,29,24,-34,9,4,-29,9,-4,-14,-19
-39,-9,29,24,-34,9,4,-29,9,-4,-14,-14
-39,-9,29,24,-34,9,4,-34,9,-4,-14,-9
-39,-9,29,24,-34,9,4,-34,9,-4,-14,-9
-39,-9,29,24,-34,9,4,-34,9,-4,-14,-9
-39,-9,29,24,-34,9,4,-34,9,-4,-14,-9
-39,-14,24,26,-31,4,4,-34,9,-4,-14,-9
-39,-19,19,29,-29,0,4,-34,9,-4,-19,-9
-39,-19,19,29,-29,0,4,-34,9,-4,-24,-9
-39,-14,24,26,-31,4,4,-39,9,-4,-19,-14
-39,-14,24,26,-31,4,4,-43,9,-4,-19,-14
-39,-19,19,29,-29,0,4,-43,9,-9,-19,-14
-39,-24,14,31,-26,-4,4,-43,9,-14,-19,-19
-34,-24,9,29,-21,-7,4,-43,4,-14,-19,-19
-34,-24,9,29,-21,-7,4,-43,0,-14,-19,-19
-34,-19,14,26,-24,-2,4,-43,0,-14,-14,-19
-34,-14,19,24,-26,2,4,-43,0,-19,-14,-19
-34,-14,19,24,-26,2,4,-43,4,-24,-14,-19
-39,-14,24,26,-31,4,4,-43,9,-24,-14,-19
-39,-14,24,26,-31,4,0,-43,9,-24,-19,-19
-39,-14,24,26,-31,4,-4,-43,9,-24,-19,-19
-34,-9,24,21,-29,7,0,-39,9,-9,-19,-9
-29,-9,19,19,-24,4,9,-39,9,0,-19,0
-29,4,34,12,-31,19,9,-29,24,0,-9,0
-29,19,48,4,-39,34,9,-19,39,0,0,0
-19,29,48,-4,-34,39,9,-14,43,9,9,9
-9,39,48,-14,-29,43,9,-9,48,19,19,19
-4,39,43,-17,-24,41,19,-4,58,24,19,19
0,39,39,-19,-19,39,29,0,68,29,19,19
0,34,34,-17,-17,34,39,4,68,29,24,19
0,29,29,-14,-14,29,48,9,68,29,29,19
0,24,24,-12,-12,24,48,9,68,29,29,19
0,19,19,-9,-9,19,48,9,68,29,29,19
14,19,4,-17,4,12,34,9,58,29,29,19
29,19,-9,-24,19,4,19,9,48,29,29,19
34,19,-14,-26,24,2,0,-4,39,29,29,19
39,19,-19,-29,29,0,-19,-19,29,29,29,19
39,19,-19,-29,29,0,-29,-29,19,19,19,19
39,19,-19,-29,29,0,-39,-39,9,9,9,19
43,19,-24,-31,34,-2,-39,-39,4,4,9,19
48,19,-29,-34,39,-4,-39,-39,0,0,9,19
48,9,-39,-29,43,-14,-39,-39,-4,0,9,14
48,0,-48,-24,48,-24,-39,-39,-9,0,9,9
48,0,-48,-24,48,-24,-39,-39,-9,-4,9,9
48,0,-48,-24,48,-24,-39,-39,-9,-9,9,9
43,-4,-48,-19,46,-26,-34,-39,-9,-9,0,4
39,-9,-48,-14,43,-29,-29,-39,-9,-9,-9,0
34,-9,-43,-12,39,-26,-29,-43,-9,-9,-9,0
29,-9,-39,-9,34,-24,-29,-48,-9,-9,-9,0
0,-19,-19,9,9,-19,-19,-48,-9,-14,-14,-9
-29,-29,0,29,-14,-14,-9,-48,-9,-19,-19,-19
-34,-34,0,34,-17,-17,-4,-48,-9,-24,-24,-24
-39,-39,0,39,-19,-19,0,-48,-9,-29,-29,-29
-39,-39,0,39,-19,-19,0,-48,-9,-29,-29,-29
-39,-39,0,39,-19,-19,0,-48,-9,-29,-29,-29
-43,-39,4,41,-24,-17,0,-48,-9,-29,-29,-29
-48,-39,9,43,-29,-14,0,-48,-9,-29,-29,-29
-48,-39,9,43,-29,-14,0,-48,-4,-29,-29,-29
-48,-39,9,43,-29,-14,0,-48,0,-29,-29,-29
-48,-39,9,43,-29,-14,0,-48,0,-29,-29,-29
-48,-39,9,43,-29,-14,0,-48,0,-29,-29,-29
-48,-39,9,43,-29,-14,0,-48,0,-29,-29,-29
-48,-39,9,43,-29,-14,0,-48,0,-29,-29,-29
-48,-39,9,43,-29,-14,0,-48,0,-29,-24,-29
-48,-39,9,43,-29,-14,0,-48,0,-29,-19,-29
-53,-29,24,41,-39,-2,0,-43,14,-14,-9,-14
-58,-19,39,39,-48,9,0,-39,29,0,0,0
-78,14,92,31,-85,53,39,9,131,63,43,29
-97,48,146,24,-122,97,78,58,234,126,87,58
-97,136,234,-19,-165,185,126,131,405,278,219,161
-97,224,322,-63,-209,273,175,204,575,429,351,263
58,370,312,-214,-126,341,78,141,653,673,595,473
214,517,302,-366,-43,409,-19,78,732,917,839,683
390,531,141,-461,124,336,-204,-117,541,941,893,741
566,546,-19,-556,292,263,-390,-312,351,966,946,800
492,165,-326,-329,409,-80,-434,-507,-253,263,317,302
419,-214,-634,-102,527,-424,-478,-702,-858,-439,-312,-195
273,-370,-644,48,458,-507,-492,-829,-1117,-766,-566,-400
126,-527,-653,200,390,-590,-507,-956,-1376,-1093,-819,-605
82,-502,-585,209,334,-544,-444,-819,-1210,-985,-751,-566
39,-478,-517,219,278,-497,-380,-683,-1044,-878,-683,-527
34,-341,-375,153,204,-358,-283,-517,-756,-644,-502,-390
29,-204,-234,87,131,-219,-185,-351,-468,-409,-322,-253
29,-141,-170,56,100,-156,-151,-258,-326,-283,-219,-170
29,-78,-107,24,68,-92,-117,-165,-185,-156,-117,-87
9,-73,-82,31,46,-78,-68,-112,-126,-112,-92,-73
-9,-68,-58,39,24,-63,-19,-58,-68,-68,-68,-58
-9,-68,-58,39,24,-63,-19,-58,-68,-68,-68,-58
